dateid,day,month,year
6082,5,9,2020
7782,7,9,2023
7424,7,9,2023
5379,5,9,2020
5625,5,9,2020
7019,7,9,2023
6911,7,9,2023
5877,5,9,2020
5577,5,9,2020
7478,7,9,2023
7739,7,9,2023
6862,7,9,2023
6415,5,9,2020
6555,7,9,2023
6517,7,9,2023
6756,7,9,2023
5714,5,9,2020
7681,7,9,2023
7093,7,9,2023
6673,7,9,2023
6871,7,9,2023
7532,7,9,2023
6605,7,9,2023
5661,5,9,2020
5282,5,9,2020
6383,5,9,2020
6709,7,9,2023
5451,5,9,2020
6945,7,9,2023
6228,5,9,2020
6256,5,9,2020
6574,7,9,2023
7418,7,9,2023
7202,7,9,2023
7287,7,9,2023
5387,5,9,2020
7070,7,9,2023
6794,7,9,2023
7069,7,9,2023
5552,5,9,2020
7170,7,9,2023
6941,7,9,2023
7003,7,9,2023
5300,5,9,2020
5867,5,9,2020
6763,7,9,2023
7584,7,9,2023
7134,7,9,2023
7001,7,9,2023
5860,5,9,2020
5639,5,9,2020
6226,5,9,2020
7622,7,9,2023
6546,7,9,2023
7510,7,9,2023
6845,7,9,2023
6429,5,9,2020
6743,7,9,2023
5520,5,9,2020
7638,7,9,2023
6636,7,9,2023
6085,5,9,2020
5433,5,9,2020
5354,5,9,2020
7756,7,9,2023
6766,7,9,2023
6025,5,9,2020
6682,7,9,2023
6059,5,9,2020
5752,5,9,2020
5471,5,9,2020
7014,7,9,2023
5452,5,9,2020
6354,5,9,2020
5422,5,9,2020
5676,5,9,2020
6132,5,9,2020
6018,5,9,2020
5939,5,9,2020
5981,5,9,2020
7696,7,9,2023
7457,7,9,2023
7157,7,9,2023
5329,5,9,2020
7266,7,9,2023
6230,5,9,2020
6898,7,9,2023
6672,7,9,2023
6135,5,9,2020
6122,5,9,2020
7366,7,9,2023
6015,5,9,2020
5331,5,9,2020
7402,7,9,2023
6532,7,9,2023
6944,7,9,2023
6731,7,9,2023
6914,7,9,2023
6289,5,9,2020
7031,7,9,2023
5543,5,9,2020
5295,5,9,2020
5258,5,9,2020
5261,5,9,2020
7513,7,9,2023
7114,7,9,2023
6808,7,9,2023
6092,5,9,2020
7771,7,9,2023
7676,7,9,2023
7317,7,9,2023
7209,7,9,2023
6619,7,9,2023
5646,5,9,2020
5349,5,9,2020
7776,7,9,2023
5301,5,9,2020
7502,7,9,2023
5885,5,9,2020
7743,7,9,2023
7517,7,9,2023
6613,7,9,2023
7772,7,9,2023
5892,5,9,2020
5506,5,9,2020
7182,7,9,2023
7508,7,9,2023
7196,7,9,2023
6472,5,9,2020
6224,5,9,2020
5582,5,9,2020
7372,7,9,2023
6412,5,9,2020
5533,5,9,2020
6854,7,9,2023
6319,5,9,2020
7770,7,9,2023
7169,7,9,2023
6527,7,9,2023
5843,5,9,2020
5405,5,9,2020
7442,7,9,2023
6621,7,9,2023
7467,7,9,2023
5571,5,9,2020
7013,7,9,2023
5634,5,9,2020
5464,5,9,2020
5445,5,9,2020
6964,7,9,2023
6607,7,9,2023
7483,7,9,2023
5561,5,9,2020
5500,5,9,2020
7641,7,9,2023
7357,7,9,2023
7713,7,9,2023
6050,5,9,2020
6397,5,9,2020
5519,5,9,2020
7474,7,9,2023
7377,7,9,2023
5614,5,9,2020
5842,5,9,2020
7347,7,9,2023
5805,5,9,2020
7701,7,9,2023
7647,7,9,2023
7158,7,9,2023
6091,5,9,2020
6161,5,9,2020
7029,7,9,2023
7385,7,9,2023
6567,7,9,2023
6486,5,9,2020
7546,7,9,2023
7127,7,9,2023
6140,5,9,2020
5958,5,9,2020
5239,5,9,2020
6967,7,9,2023
6150,5,9,2020
5652,5,9,2020
7193,7,9,2023
5256,5,9,2020
5835,5,9,2020
5394,5,9,2020
5242,5,9,2020
7097,7,9,2023
6616,7,9,2023
6237,5,9,2020
5904,5,9,2020
6629,7,9,2023
7767,7,9,2023
6935,7,9,2023
5783,5,9,2020
5316,5,9,2020
5302,5,9,2020
5900,5,9,2020
5980,5,9,2020
5932,5,9,2020
5234,5,9,2020
5257,5,9,2020
6510,5,9,2020
5361,5,9,2020
6311,5,9,2020
5697,5,9,2020
5642,5,9,2020
6175,5,9,2020
7664,7,9,2023
6395,5,9,2020
5509,5,9,2020
6716,7,9,2023
7690,7,9,2023
6382,5,9,2020
7048,7,9,2023
6585,7,9,2023
5342,5,9,2020
6775,7,9,2023
5859,5,9,2020
7785,7,9,2023
5923,5,9,2020
7138,7,9,2023
7144,7,9,2023
6640,7,9,2023
7045,7,9,2023
6247,5,9,2020
5701,5,9,2020
7066,7,9,2023
6803,7,9,2023
6769,7,9,2023
7768,7,9,2023
6463,5,9,2020
7627,7,9,2023
7226,7,9,2023
7761,7,9,2023
7395,7,9,2023
6777,7,9,2023
7693,7,9,2023
5773,5,9,2020
6360,5,9,2020
7115,7,9,2023
7252,7,9,2023
7540,7,9,2023
7802,7,9,2023
7507,7,9,2023
5576,5,9,2020
6578,7,9,2023
7541,7,9,2023
5248,5,9,2020
5764,5,9,2020
6501,5,9,2020
7790,7,9,2023
5662,5,9,2020
5241,5,9,2020
6908,7,9,2023
6480,5,9,2020
6279,5,9,2020
7021,7,9,2023
7315,7,9,2023
6965,7,9,2023
6356,5,9,2020
7691,7,9,2023
6979,7,9,2023
7099,7,9,2023
6843,7,9,2023
7273,7,9,2023
6424,5,9,2020
6458,5,9,2020
6687,7,9,2023
6134,5,9,2020
6834,7,9,2023
6253,5,9,2020
5372,5,9,2020
6154,5,9,2020
6951,7,9,2023
7632,7,9,2023
7307,7,9,2023
7149,7,9,2023
5322,5,9,2020
6860,7,9,2023
5996,5,9,2020
7728,7,9,2023
6882,7,9,2023
5628,5,9,2020
6138,5,9,2020
5621,5,9,2020
7760,7,9,2023
7408,7,9,2023
6759,7,9,2023
7578,7,9,2023
6488,5,9,2020
5478,5,9,2020
7305,7,9,2023
6108,5,9,2020
6391,5,9,2020
7017,7,9,2023
6330,5,9,2020
6655,7,9,2023
7201,7,9,2023
6364,5,9,2020
5419,5,9,2020
5945,5,9,2020
7525,7,9,2023
7671,7,9,2023
7419,7,9,2023
5517,5,9,2020
6257,5,9,2020
7075,7,9,2023
7699,7,9,2023
6821,7,9,2023
6460,5,9,2020
5608,5,9,2020
7730,7,9,2023
7723,7,9,2023
7560,7,9,2023
6201,5,9,2020
5925,5,9,2020
5857,5,9,2020
5469,5,9,2020
5389,5,9,2020
5743,5,9,2020
7780,7,9,2023
6427,5,9,2020
5802,5,9,2020
6623,7,9,2023
6139,5,9,2020
6543,7,9,2023
7741,7,9,2023
7700,7,9,2023
7653,7,9,2023
7648,7,9,2023
6100,5,9,2020
7190,7,9,2023
6418,5,9,2020
5674,5,9,2020
6037,5,9,2020
7769,7,9,2023
5580,5,9,2020
5812,5,9,2020
6307,5,9,2020
5772,5,9,2020
6628,7,9,2023
6477,5,9,2020
7813,7,9,2023
5729,5,9,2020
7552,7,9,2023
6334,5,9,2020
6024,5,9,2020
6554,7,9,2023
7716,7,9,2023
5324,5,9,2020
7078,7,9,2023
6004,5,9,2020
5934,5,9,2020
7118,7,9,2023
5763,5,9,2020
6761,7,9,2023
6873,7,9,2023
7791,7,9,2023
5906,5,9,2020
6867,7,9,2023
6189,5,9,2020
5523,5,9,2020
5803,5,9,2020
7669,7,9,2023
5597,5,9,2020
5357,5,9,2020
6411,5,9,2020
5456,5,9,2020
6537,7,9,2023
5429,5,9,2020
6638,7,9,2023
5968,5,9,2020
7438,7,9,2023
5818,5,9,2020
6000,5,9,2020
5965,5,9,2020
7633,7,9,2023
6727,7,9,2023
6457,5,9,2020
7666,7,9,2023
6782,7,9,2023
7815,7,9,2023
6264,5,9,2020
7368,7,9,2023
5225,5,9,2020
6950,7,9,2023
7018,7,9,2023
5693,5,9,2020
6953,7,9,2023
7062,7,9,2023
5999,5,9,2020
6609,7,9,2023
6406,5,9,2020
6287,5,9,2020
6496,5,9,2020
6084,5,9,2020
5574,5,9,2020
6110,5,9,2020
7553,7,9,2023
7617,7,9,2023
6627,7,9,2023
6022,5,9,2020
5294,5,9,2020
5826,5,9,2020
5657,5,9,2020
6586,7,9,2023
5383,5,9,2020
6389,5,9,2020
6344,5,9,2020
6042,5,9,2020
5513,5,9,2020
5311,5,9,2020
6267,5,9,2020
5524,5,9,2020
6355,5,9,2020
5816,5,9,2020
6657,7,9,2023
6827,7,9,2023
6202,5,9,2020
7465,7,9,2023
6772,7,9,2023
6053,5,9,2020
6579,7,9,2023
7141,7,9,2023
6473,5,9,2020
7297,7,9,2023
6596,7,9,2023
7022,7,9,2023
7505,7,9,2023
6124,5,9,2020
5883,5,9,2020
7108,7,9,2023
7764,7,9,2023
7188,7,9,2023
5721,5,9,2020
7454,7,9,2023
6236,5,9,2020
5346,5,9,2020
6170,5,9,2020
6740,7,9,2023
6078,5,9,2020
7774,7,9,2023
6648,7,9,2023
6166,5,9,2020
6700,7,9,2023
6569,7,9,2023
5411,5,9,2020
6006,5,9,2020
7344,7,9,2023
6582,7,9,2023
7515,7,9,2023
6910,7,9,2023
6466,5,9,2020
6459,5,9,2020
7162,7,9,2023
6611,7,9,2023
7391,7,9,2023
6345,5,9,2020
5596,5,9,2020
7184,7,9,2023
6491,5,9,2020
6149,5,9,2020
5841,5,9,2020
7214,7,9,2023
5309,5,9,2020
5535,5,9,2020
6937,7,9,2023
6518,7,9,2023
6833,7,9,2023
7035,7,9,2023
6907,7,9,2023
7217,7,9,2023
6322,5,9,2020
7352,7,9,2023
7132,7,9,2023
5487,5,9,2020
5283,5,9,2020
7041,7,9,2023
6484,5,9,2020
5875,5,9,2020
6476,5,9,2020
7117,7,9,2023
7678,7,9,2023
6252,5,9,2020
5747,5,9,2020
6302,5,9,2020
6608,7,9,2023
6441,5,9,2020
7613,7,9,2023
7304,7,9,2023
7528,7,9,2023
6835,7,9,2023
6547,7,9,2023
6839,7,9,2023
6254,5,9,2020
7094,7,9,2023
5864,5,9,2020
6771,7,9,2023
5296,5,9,2020
7563,7,9,2023
7145,7,9,2023
6323,5,9,2020
7717,7,9,2023
6987,7,9,2023
6817,7,9,2023
5255,5,9,2020
7794,7,9,2023
6589,7,9,2023
5687,5,9,2020
7607,7,9,2023
6167,5,9,2020
5494,5,9,2020
7729,7,9,2023
5738,5,9,2020
7216,7,9,2023
6178,5,9,2020
7423,7,9,2023
6435,5,9,2020
7350,7,9,2023
5952,5,9,2020
5728,5,9,2020
6895,7,9,2023
7412,7,9,2023
5602,5,9,2020
6818,7,9,2023
7521,7,9,2023
5732,5,9,2020
7744,7,9,2023
7636,7,9,2023
7173,7,9,2023
7762,7,9,2023
6952,7,9,2023
6825,7,9,2023
5450,5,9,2020
5384,5,9,2020
5328,5,9,2020
5760,5,9,2020
7656,7,9,2023
6080,5,9,2020
6530,7,9,2023
7803,7,9,2023
6061,5,9,2020
5972,5,9,2020
6373,5,9,2020
6725,7,9,2023
5929,5,9,2020
7215,7,9,2023
5604,5,9,2020
7736,7,9,2023
6936,7,9,2023
5748,5,9,2020
7753,7,9,2023
5680,5,9,2020
7197,7,9,2023
6755,7,9,2023
5390,5,9,2020
5995,5,9,2020
6542,7,9,2023
6255,5,9,2020
7524,7,9,2023
6076,5,9,2020
6245,5,9,2020
7466,7,9,2023
6514,7,9,2023
5626,5,9,2020
6492,5,9,2020
5984,5,9,2020
5321,5,9,2020
6070,5,9,2020
5865,5,9,2020
6778,7,9,2023
7567,7,9,2023
5362,5,9,2020
5273,5,9,2020
5950,5,9,2020
7046,7,9,2023
5414,5,9,2020
6186,5,9,2020
5624,5,9,2020
7407,7,9,2023
5982,5,9,2020
5518,5,9,2020
7619,7,9,2023
6535,7,9,2023
5612,5,9,2020
7086,7,9,2023
5547,5,9,2020
6710,7,9,2023
6219,5,9,2020
6290,5,9,2020
5566,5,9,2020
5489,5,9,2020
5737,5,9,2020
7361,7,9,2023
6644,7,9,2023
7004,7,9,2023
6516,7,9,2023
5377,5,9,2020
6984,7,9,2023
6002,5,9,2020
7568,7,9,2023
7313,7,9,2023
6891,7,9,2023
6561,7,9,2023
7750,7,9,2023
6479,5,9,2020
7360,7,9,2023
6211,5,9,2020
6113,5,9,2020
6465,5,9,2020
6222,5,9,2020
5447,5,9,2020
6626,7,9,2023
5735,5,9,2020
5658,5,9,2020
7237,7,9,2023
7512,7,9,2023
6410,5,9,2020
5475,5,9,2020
6647,7,9,2023
6033,5,9,2020
7310,7,9,2023
7175,7,9,2023
5410,5,9,2020
5230,5,9,2020
7652,7,9,2023
7375,7,9,2023
6400,5,9,2020
7285,7,9,2023
7207,7,9,2023
7590,7,9,2023
7060,7,9,2023
5911,5,9,2020
6147,5,9,2020
7448,7,9,2023
7147,7,9,2023
7814,7,9,2023
7518,7,9,2023
7275,7,9,2023
6337,5,9,2020
5897,5,9,2020
5583,5,9,2020
7206,7,9,2023
6482,5,9,2020
6142,5,9,2020
5388,5,9,2020
7714,7,9,2023
6041,5,9,2020
6568,7,9,2023
7064,7,9,2023
7654,7,9,2023
6896,7,9,2023
6723,7,9,2023
6338,5,9,2020
6185,5,9,2020
6088,5,9,2020
7383,7,9,2023
5588,5,9,2020
6325,5,9,2020
5391,5,9,2020
7441,7,9,2023
6669,7,9,2023
6233,5,9,2020
7572,7,9,2023
5700,5,9,2020
6331,5,9,2020
7342,7,9,2023
5765,5,9,2020
7545,7,9,2023
6504,5,9,2020
5398,5,9,2020
5423,5,9,2020
5365,5,9,2020
6157,5,9,2020
6856,7,9,2023
5593,5,9,2020
5554,5,9,2020
5218,5,9,2020
6433,5,9,2020
6407,5,9,2020
6244,5,9,2020
7646,7,9,2023
7571,7,9,2023
5515,5,9,2020
5385,5,9,2020
6750,7,9,2023
7268,7,9,2023
6870,7,9,2023
6214,5,9,2020
5559,5,9,2020
7124,7,9,2023
6067,5,9,2020
6165,5,9,2020
5286,5,9,2020
5795,5,9,2020
7715,7,9,2023
6505,5,9,2020
6011,5,9,2020
5724,5,9,2020
6347,5,9,2020
6195,5,9,2020
5254,5,9,2020
7011,7,9,2023
6787,7,9,2023
7396,7,9,2023
5262,5,9,2020
6836,7,9,2023
5607,5,9,2020
6920,7,9,2023
7481,7,9,2023
7163,7,9,2023
5457,5,9,2020
7091,7,9,2023
6446,5,9,2020
5386,5,9,2020
7343,7,9,2023
6010,5,9,2020
6447,5,9,2020
7172,7,9,2023
5303,5,9,2020
7096,7,9,2023
7731,7,9,2023
5716,5,9,2020
6469,5,9,2020
6751,7,9,2023
6014,5,9,2020
7405,7,9,2023
7384,7,9,2023
6620,7,9,2023
5820,5,9,2020
5272,5,9,2020
5214,5,9,2020
5532,5,9,2020
5265,5,9,2020
7535,7,9,2023
5575,5,9,2020
7324,7,9,2023
5691,5,9,2020
5333,5,9,2020
6390,5,9,2020
6449,5,9,2020
5719,5,9,2020
5323,5,9,2020
7417,7,9,2023
6060,5,9,2020
6622,7,9,2023
6423,5,9,2020
5541,5,9,2020
7610,7,9,2023
5828,5,9,2020
6675,7,9,2023
6801,7,9,2023
5742,5,9,2020
5550,5,9,2020
6269,5,9,2020
6019,5,9,2020
6980,7,9,2023
5522,5,9,2020
7519,7,9,2023
6371,5,9,2020
7051,7,9,2023
7554,7,9,2023
6591,7,9,2023
7040,7,9,2023
5979,5,9,2020
5866,5,9,2020
5581,5,9,2020
7591,7,9,2023
7053,7,9,2023
5778,5,9,2020
5427,5,9,2020
6075,5,9,2020
6645,7,9,2023
7531,7,9,2023
5488,5,9,2020
5997,5,9,2020
6851,7,9,2023
6493,5,9,2020
7623,7,9,2023
5962,5,9,2020
5504,5,9,2020
7265,7,9,2023
6281,5,9,2020
6016,5,9,2020
5921,5,9,2020
6630,7,9,2023
7492,7,9,2023
5853,5,9,2020
6861,7,9,2023
5659,5,9,2020
7476,7,9,2023
7300,7,9,2023
5983,5,9,2020
7727,7,9,2023
5706,5,9,2020
7663,7,9,2023
5688,5,9,2020
5819,5,9,2020
7103,7,9,2023
7406,7,9,2023
7030,7,9,2023
7314,7,9,2023
7734,7,9,2023
6668,7,9,2023
6425,5,9,2020
6320,5,9,2020
5951,5,9,2020
6280,5,9,2020
5460,5,9,2020
6754,7,9,2023
5894,5,9,2020
6295,5,9,2020
6220,5,9,2020
6065,5,9,2020
5886,5,9,2020
5862,5,9,2020
5472,5,9,2020
7766,7,9,2023
6536,7,9,2023
5887,5,9,2020
7595,7,9,2023
6931,7,9,2023
7550,7,9,2023
6263,5,9,2020
6251,5,9,2020
7337,7,9,2023
6221,5,9,2020
5222,5,9,2020
6666,7,9,2023
5673,5,9,2020
5468,5,9,2020
7735,7,9,2023
7253,7,9,2023
6826,7,9,2023
5335,5,9,2020
6691,7,9,2023
6286,5,9,2020
7204,7,9,2023
6785,7,9,2023
6301,5,9,2020
5834,5,9,2020
7373,7,9,2023
7401,7,9,2023
5698,5,9,2020
5338,5,9,2020
6206,5,9,2020
7010,7,9,2023
6594,7,9,2023
6906,7,9,2023
5557,5,9,2020
5695,5,9,2020
7320,7,9,2023
6780,7,9,2023
5499,5,9,2020
5345,5,9,2020
6795,7,9,2023
6938,7,9,2023
6550,7,9,2023
6405,5,9,2020
7345,7,9,2023
6273,5,9,2020
6379,5,9,2020
5790,5,9,2020
6104,5,9,2020
6792,7,9,2023
5922,5,9,2020
7688,7,9,2023
7618,7,9,2023
5821,5,9,2020
7154,7,9,2023
6339,5,9,2020
7667,7,9,2023
5396,5,9,2020
6308,5,9,2020
5974,5,9,2020
5811,5,9,2020
5317,5,9,2020
5664,5,9,2020
6634,7,9,2023
7356,7,9,2023
7140,7,9,2023
6242,5,9,2020
7626,7,9,2023
6274,5,9,2020
6916,7,9,2023
5723,5,9,2020
7128,7,9,2023
6806,7,9,2023
5953,5,9,2020
5976,5,9,2020
5400,5,9,2020
7458,7,9,2023
7358,7,9,2023
7551,7,9,2023
7221,7,9,2023
6404,5,9,2020
6306,5,9,2020
7227,7,9,2023
5833,5,9,2020
6649,7,9,2023
7245,7,9,2023
6678,7,9,2023
7233,7,9,2023
7084,7,9,2023
7234,7,9,2023
6163,5,9,2020
7148,7,9,2023
6930,7,9,2023
6829,7,9,2023
5592,5,9,2020
7679,7,9,2023
6539,7,9,2023
5482,5,9,2020
7371,7,9,2023
7180,7,9,2023
5416,5,9,2020
7751,7,9,2023
7072,7,9,2023
6243,5,9,2020
7793,7,9,2023
6921,7,9,2023
6062,5,9,2020
5363,5,9,2020
6461,5,9,2020
6902,7,9,2023
6204,5,9,2020
6246,5,9,2020
6432,5,9,2020
7160,7,9,2023
5801,5,9,2020
5600,5,9,2020
7224,7,9,2023
7033,7,9,2023
6865,7,9,2023
6576,7,9,2023
5553,5,9,2020
5733,5,9,2020
7462,7,9,2023
6317,5,9,2020
6093,5,9,2020
7797,7,9,2023
5653,5,9,2020
5337,5,9,2020
6729,7,9,2023
5344,5,9,2020
6200,5,9,2020
7211,7,9,2023
5959,5,9,2020
5986,5,9,2020
6259,5,9,2020
6831,7,9,2023
6181,5,9,2020
5290,5,9,2020
5631,5,9,2020
7263,7,9,2023
6430,5,9,2020
7243,7,9,2023
6453,5,9,2020
7259,7,9,2023
5252,5,9,2020
7479,7,9,2023
6017,5,9,2020
5498,5,9,2020
5740,5,9,2020
7166,7,9,2023
7187,7,9,2023
6559,7,9,2023
6090,5,9,2020
5797,5,9,2020
7394,7,9,2023
5679,5,9,2020
5243,5,9,2020
5915,5,9,2020
5856,5,9,2020
5350,5,9,2020
7267,7,9,2023
7354,7,9,2023
7426,7,9,2023
6812,7,9,2023
6191,5,9,2020
6058,5,9,2020
6762,7,9,2023
7680,7,9,2023
7410,7,9,2023
6996,7,9,2023
7090,7,9,2023
5417,5,9,2020
6131,5,9,2020
7369,7,9,2023
6417,5,9,2020
7575,7,9,2023
5767,5,9,2020
5527,5,9,2020
5406,5,9,2020
6571,7,9,2023
5796,5,9,2020
5437,5,9,2020
6968,7,9,2023
7129,7,9,2023
7795,7,9,2023
7025,7,9,2023
7281,7,9,2023
7429,7,9,2023
6956,7,9,2023
7490,7,9,2023
6917,7,9,2023
7000,7,9,2023
7411,7,9,2023
7609,7,9,2023
7280,7,9,2023
6529,7,9,2023
6071,5,9,2020
6448,5,9,2020
5637,5,9,2020
6199,5,9,2020
5824,5,9,2020
5720,5,9,2020
6265,5,9,2020
7393,7,9,2023
6872,7,9,2023
6540,7,9,2023
5568,5,9,2020
7043,7,9,2023
7705,7,9,2023
6972,7,9,2023
7052,7,9,2023
7537,7,9,2023
7179,7,9,2023
7036,7,9,2023
7382,7,9,2023
5858,5,9,2020
6372,5,9,2020
5453,5,9,2020
5611,5,9,2020
7250,7,9,2023
7809,7,9,2023
6001,5,9,2020
6947,7,9,2023
6271,5,9,2020
5944,5,9,2020
5871,5,9,2020
5808,5,9,2020
5235,5,9,2020
7789,7,9,2023
7220,7,9,2023
6660,7,9,2023
6111,5,9,2020
5776,5,9,2020
5307,5,9,2020
6990,7,9,2023
6368,5,9,2020
6659,7,9,2023
6748,7,9,2023
6789,7,9,2023
6380,5,9,2020
5244,5,9,2020
6121,5,9,2020
6099,5,9,2020
6663,7,9,2023
7299,7,9,2023
6248,5,9,2020
7800,7,9,2023
6632,7,9,2023
6919,7,9,2023
5610,5,9,2020
7349,7,9,2023
7104,7,9,2023
6217,5,9,2020
7805,7,9,2023
6783,7,9,2023
6753,7,9,2023
6683,7,9,2023
7210,7,9,2023
7721,7,9,2023
5463,5,9,2020
6032,5,9,2020
5850,5,9,2020
7482,7,9,2023
7247,7,9,2023
5367,5,9,2020
6328,5,9,2020
5356,5,9,2020
7473,7,9,2023
7452,7,9,2023
6819,7,9,2023
6303,5,9,2020
5615,5,9,2020
5247,5,9,2020
6592,7,9,2023
7694,7,9,2023
7534,7,9,2023
6651,7,9,2023
5725,5,9,2020
6970,7,9,2023
6597,7,9,2023
5455,5,9,2020
6868,7,9,2023
7570,7,9,2023
7229,7,9,2023
6815,7,9,2023
6462,5,9,2020
5884,5,9,2020
7379,7,9,2023
5240,5,9,2020
6450,5,9,2020
5565,5,9,2020
7327,7,9,2023
7703,7,9,2023
7697,7,9,2023
7380,7,9,2023
7616,7,9,2023
7309,7,9,2023
7085,7,9,2023
5888,5,9,2020
5809,5,9,2020
6431,5,9,2020
7249,7,9,2023
6810,7,9,2023
7702,7,9,2023
7637,7,9,2023
6296,5,9,2020
6112,5,9,2020
5907,5,9,2020
7334,7,9,2023
7783,7,9,2023
7388,7,9,2023
5804,5,9,2020
6198,5,9,2020
5759,5,9,2020
5544,5,9,2020
6909,7,9,2023
6079,5,9,2020
5730,5,9,2020
6595,7,9,2023
5690,5,9,2020
6285,5,9,2020
5567,5,9,2020
5413,5,9,2020
6114,5,9,2020
7788,7,9,2023
7232,7,9,2023
7174,7,9,2023
6570,7,9,2023
5901,5,9,2020
7748,7,9,2023
7171,7,9,2023
6545,7,9,2023
6349,5,9,2020
7472,7,9,2023
6800,7,9,2023
6115,5,9,2020
7241,7,9,2023
6676,7,9,2023
7576,7,9,2023
5825,5,9,2020
7431,7,9,2023
6268,5,9,2020
5336,5,9,2020
5987,5,9,2020
7312,7,9,2023
7293,7,9,2023
5931,5,9,2020
5458,5,9,2020
5589,5,9,2020
7143,7,9,2023
6746,7,9,2023
5689,5,9,2020
7456,7,9,2023
5671,5,9,2020
7156,7,9,2023
6526,7,9,2023
6210,5,9,2020
7067,7,9,2023
6023,5,9,2020
5430,5,9,2020
7279,7,9,2023
5967,5,9,2020
7181,7,9,2023
6369,5,9,2020
6012,5,9,2020
6297,5,9,2020
7116,7,9,2023
7079,7,9,2023
6706,7,9,2023
5839,5,9,2020
5270,5,9,2020
5479,5,9,2020
5306,5,9,2020
7205,7,9,2023
6661,7,9,2023
7159,7,9,2023
5918,5,9,2020
7122,7,9,2023
7168,7,9,2023
6363,5,9,2020
5879,5,9,2020
5754,5,9,2020
5418,5,9,2020
5281,5,9,2020
7427,7,9,2023
5393,5,9,2020
6600,7,9,2023
7683,7,9,2023
5806,5,9,2020
6603,7,9,2023
6560,7,9,2023
6804,7,9,2023
6066,5,9,2020
6215,5,9,2020
5492,5,9,2020
7370,7,9,2023
6190,5,9,2020
5938,5,9,2020
7399,7,9,2023
5618,5,9,2020
7488,7,9,2023
6973,7,9,2023
6141,5,9,2020
7236,7,9,2023
5483,5,9,2020
7725,7,9,2023
7381,7,9,2023
6145,5,9,2020
5977,5,9,2020
7392,7,9,2023
6413,5,9,2020
6352,5,9,2020
5872,5,9,2020
5823,5,9,2020
5313,5,9,2020
5420,5,9,2020
6437,5,9,2020
6057,5,9,2020
5314,5,9,2020
6969,7,9,2023
7289,7,9,2023
6981,7,9,2023
7708,7,9,2023
5622,5,9,2020
6557,7,9,2023
7213,7,9,2023
7455,7,9,2023
6656,7,9,2023
5946,5,9,2020
5569,5,9,2020
5501,5,9,2020
5704,5,9,2020
7434,7,9,2023
5638,5,9,2020
5775,5,9,2020
5395,5,9,2020
5366,5,9,2020
6925,7,9,2023
7331,7,9,2023
7102,7,9,2023
6991,7,9,2023
6733,7,9,2023
6633,7,9,2023
6474,5,9,2020
5617,5,9,2020
5912,5,9,2020
7574,7,9,2023
7413,7,9,2023
7777,7,9,2023
6693,7,9,2023
5998,5,9,2020
5861,5,9,2020
5564,5,9,2020
6399,5,9,2020
6734,7,9,2023
6348,5,9,2020
6105,5,9,2020
7687,7,9,2023
6008,5,9,2020
5699,5,9,2020
7074,7,9,2023
5444,5,9,2020
5762,5,9,2020
7485,7,9,2023
6805,7,9,2023
5480,5,9,2020
7274,7,9,2023
7566,7,9,2023
7222,7,9,2023
7491,7,9,2023
7529,7,9,2023
6454,5,9,2020
7183,7,9,2023
5332,5,9,2020
7786,7,9,2023
6604,7,9,2023
7321,7,9,2023
6926,7,9,2023
7447,7,9,2023
5538,5,9,2020
6610,7,9,2023
7195,7,9,2023
6995,7,9,2023
6971,7,9,2023
5364,5,9,2020
6637,7,9,2023
7038,7,9,2023
5595,5,9,2020
5663,5,9,2020
6840,7,9,2023
6838,7,9,2023
5869,5,9,2020
5325,5,9,2020
5895,5,9,2020
5686,5,9,2020
7306,7,9,2023
6954,7,9,2023
6929,7,9,2023
5529,5,9,2020
6234,5,9,2020
7564,7,9,2023
5510,5,9,2020
7302,7,9,2023
6171,5,9,2020
6737,7,9,2023
5497,5,9,2020
6712,7,9,2023
7228,7,9,2023
6853,7,9,2023
7178,7,9,2023
7153,7,9,2023
7657,7,9,2023
7397,7,9,2023
5750,5,9,2020
7288,7,9,2023
5558,5,9,2020
6270,5,9,2020
5957,5,9,2020
6137,5,9,2020
5426,5,9,2020
5304,5,9,2020
7558,7,9,2023
6631,7,9,2023
7758,7,9,2023
5404,5,9,2020
6814,7,9,2023
6420,5,9,2020
7270,7,9,2023
7593,7,9,2023
7378,7,9,2023
5474,5,9,2020
7113,7,9,2023
7258,7,9,2023
6583,7,9,2023
6148,5,9,2020
5516,5,9,2020
7810,7,9,2023
7726,7,9,2023
7092,7,9,2023
6587,7,9,2023
6205,5,9,2020
6994,7,9,2023
7200,7,9,2023
5994,5,9,2020
5397,5,9,2020
5766,5,9,2020
6467,5,9,2020
6188,5,9,2020
5711,5,9,2020
6261,5,9,2020
6106,5,9,2020
7363,7,9,2023
7133,7,9,2023
5926,5,9,2020
7704,7,9,2023
7107,7,9,2023
6988,7,9,2023
5432,5,9,2020
7779,7,9,2023
5898,5,9,2020
5253,5,9,2020
5221,5,9,2020
6577,7,9,2023
5466,5,9,2020
6127,5,9,2020
5712,5,9,2020
5473,5,9,2020
6573,7,9,2023
7445,7,9,2023
6275,5,9,2020
6074,5,9,2020
7562,7,9,2023
7301,7,9,2023
5715,5,9,2020
7295,7,9,2023
7294,7,9,2023
7225,7,9,2023
6963,7,9,2023
6315,5,9,2020
5771,5,9,2020
7244,7,9,2023
6548,7,9,2023
7105,7,9,2023
5378,5,9,2020
6451,5,9,2020
7326,7,9,2023
6879,7,9,2023
6667,7,9,2023
6029,5,9,2020
5269,5,9,2020
5703,5,9,2020
5893,5,9,2020
6641,7,9,2023
6318,5,9,2020
7674,7,9,2023
7807,7,9,2023
7698,7,9,2023
5678,5,9,2020
7808,7,9,2023
7602,7,9,2023
7340,7,9,2023
6468,5,9,2020
5948,5,9,2020
6688,7,9,2023
5744,5,9,2020
5651,5,9,2020
5890,5,9,2020
5292,5,9,2020
5836,5,9,2020
6962,7,9,2023
5496,5,9,2020
6179,5,9,2020
6837,7,9,2023
7577,7,9,2023
5874,5,9,2020
7194,7,9,2023
7296,7,9,2023
7561,7,9,2023
7464,7,9,2023
5370,5,9,2020
6927,7,9,2023
5620,5,9,2020
7367,7,9,2023
6312,5,9,2020
5287,5,9,2020
6742,7,9,2023
6494,5,9,2020
5376,5,9,2020
7374,7,9,2023
5220,5,9,2020
6849,7,9,2023
7624,7,9,2023
5219,5,9,2020
7763,7,9,2023
7432,7,9,2023
6892,7,9,2023
6102,5,9,2020
5630,5,9,2020
6639,7,9,2023
5793,5,9,2020
7161,7,9,2023
7290,7,9,2023
5813,5,9,2020
7787,7,9,2023
5546,5,9,2020
6703,7,9,2023
6790,7,9,2023
5791,5,9,2020
7055,7,9,2023
6983,7,9,2023
5238,5,9,2020
6525,7,9,2023
7689,7,9,2023
5330,5,9,2020
6943,7,9,2023
7539,7,9,2023
7322,7,9,2023
7706,7,9,2023
7603,7,9,2023
6677,7,9,2023
7167,7,9,2023
7089,7,9,2023
6757,7,9,2023
5548,5,9,2020
6779,7,9,2023
5212,5,9,2020
5343,5,9,2020
5613,5,9,2020
7601,7,9,2023
5297,5,9,2020
7605,7,9,2023
5654,5,9,2020
6752,7,9,2023
7765,7,9,2023
7135,7,9,2023
6455,5,9,2020
5216,5,9,2020
5251,5,9,2020
6396,5,9,2020
6799,7,9,2023
6403,5,9,2020
6903,7,9,2023
6083,5,9,2020
6974,7,9,2023
7548,7,9,2023
7283,7,9,2023
6419,5,9,2020
5868,5,9,2020
7588,7,9,2023
6231,5,9,2020
5446,5,9,2020
5963,5,9,2020
7198,7,9,2023
5955,5,9,2020
6098,5,9,2020
7303,7,9,2023
5647,5,9,2020
7634,7,9,2023
7796,7,9,2023
7007,7,9,2023
6614,7,9,2023
7421,7,9,2023
6299,5,9,2020
6887,7,9,2023
7437,7,9,2023
5231,5,9,2020
7223,7,9,2023
6948,7,9,2023
7724,7,9,2023
7219,7,9,2023
5435,5,9,2020
7579,7,9,2023
6985,7,9,2023
5757,5,9,2020
6045,5,9,2020
5930,5,9,2020
6081,5,9,2020
6904,7,9,2023
5656,5,9,2020
5534,5,9,2020
5375,5,9,2020
7332,7,9,2023
7685,7,9,2023
7489,7,9,2023
6946,7,9,2023
6823,7,9,2023
6385,5,9,2020
6724,7,9,2023
6563,7,9,2023
6357,5,9,2020
6316,5,9,2020
6888,7,9,2023
5275,5,9,2020
6095,5,9,2020
6590,7,9,2023
7026,7,9,2023
5798,5,9,2020
7428,7,9,2023
6730,7,9,2023
6292,5,9,2020
5709,5,9,2020
6370,5,9,2020
5852,5,9,2020
6999,7,9,2023
7599,7,9,2023
6155,5,9,2020
7493,7,9,2023
6978,7,9,2023
7530,7,9,2023
6162,5,9,2020
5540,5,9,2020
6487,5,9,2020
6612,7,9,2023
6966,7,9,2023
5694,5,9,2020
7598,7,9,2023
6144,5,9,2020
7251,7,9,2023
6394,5,9,2020
5560,5,9,2020
6934,7,9,2023
6982,7,9,2023
6500,5,9,2020
7773,7,9,2023
6732,7,9,2023
6103,5,9,2020
5717,5,9,2020
6039,5,9,2020
7596,7,9,2023
6884,7,9,2023
5917,5,9,2020
7077,7,9,2023
6770,7,9,2023
7799,7,9,2023
7027,7,9,2023
6223,5,9,2020
5863,5,9,2020
5485,5,9,2020
5477,5,9,2020
5746,5,9,2020
6346,5,9,2020
6521,7,9,2023
6073,5,9,2020
5339,5,9,2020
5598,5,9,2020
5549,5,9,2020
7119,7,9,2023
6009,5,9,2020
7506,7,9,2023
5591,5,9,2020
5526,5,9,2020
6260,5,9,2020
7621,7,9,2023
5511,5,9,2020
6581,7,9,2023
6506,5,9,2020
5761,5,9,2020
6722,7,9,2023
7298,7,9,2023
5382,5,9,2020
7583,7,9,2023
6534,7,9,2023
7547,7,9,2023
7177,7,9,2023
6897,7,9,2023
5949,5,9,2020
5352,5,9,2020
5448,5,9,2020
7559,7,9,2023
6298,5,9,2020
6642,7,9,2023
5586,5,9,2020
6414,5,9,2020
5319,5,9,2020
6326,5,9,2020
7262,7,9,2023
6133,5,9,2020
5769,5,9,2020
6665,7,9,2023
7276,7,9,2023
7330,7,9,2023
7109,7,9,2023
5359,5,9,2020
6398,5,9,2020
7235,7,9,2023
5570,5,9,2020
7594,7,9,2023
6707,7,9,2023
6035,5,9,2020
5503,5,9,2020
6846,7,9,2023
7416,7,9,2023
5768,5,9,2020
6711,7,9,2023
5837,5,9,2020
5441,5,9,2020
6863,7,9,2023
5741,5,9,2020
5467,5,9,2020
7121,7,9,2023
6875,7,9,2023
7749,7,9,2023
5237,5,9,2020
6335,5,9,2020
5832,5,9,2020
5449,5,9,2020
7484,7,9,2023
6781,7,9,2023
6034,5,9,2020
6939,7,9,2023
6556,7,9,2023
5315,5,9,2020
6739,7,9,2023
6475,5,9,2020
5936,5,9,2020
5341,5,9,2020
6625,7,9,2023
5696,5,9,2020
7346,7,9,2023
5288,5,9,2020
5298,5,9,2020
7781,7,9,2023
5855,5,9,2020
6020,5,9,2020
7629,7,9,2023
5899,5,9,2020
7712,7,9,2023
6890,7,9,2023
7110,7,9,2023
6566,7,9,2023
7628,7,9,2023
6652,7,9,2023
5655,5,9,2020
7639,7,9,2023
6040,5,9,2020
7523,7,9,2023
7600,7,9,2023
6940,7,9,2023
6957,7,9,2023
6118,5,9,2020
7650,7,9,2023
5905,5,9,2020
5800,5,9,2020
5399,5,9,2020
7231,7,9,2023
5975,5,9,2020
5368,5,9,2020
5846,5,9,2020
5650,5,9,2020
5684,5,9,2020
7643,7,9,2023
6824,7,9,2023
6471,5,9,2020
6408,5,9,2020
5640,5,9,2020
5649,5,9,2020
7586,7,9,2023
6788,7,9,2023
6562,7,9,2023
6992,7,9,2023
5643,5,9,2020
5909,5,9,2020
6172,5,9,2020
6031,5,9,2020
5727,5,9,2020
7150,7,9,2023
6704,7,9,2023
7804,7,9,2023
7083,7,9,2023
6720,7,9,2023
5507,5,9,2020
7440,7,9,2023
5827,5,9,2020
7668,7,9,2023
6313,5,9,2020
5672,5,9,2020
5990,5,9,2020
6635,7,9,2023
6764,7,9,2023
6685,7,9,2023
7151,7,9,2023
6588,7,9,2023
7649,7,9,2023
6718,7,9,2023
7098,7,9,2023
7009,7,9,2023
7430,7,9,2023
5667,5,9,2020
6353,5,9,2020
6858,7,9,2023
5277,5,9,2020
5964,5,9,2020
5786,5,9,2020
5525,5,9,2020
6324,5,9,2020
5528,5,9,2020
5228,5,9,2020
6089,5,9,2020
5223,5,9,2020
5514,5,9,2020
7509,7,9,2023
6842,7,9,2023
7390,7,9,2023
6283,5,9,2020
5849,5,9,2020
7798,7,9,2023
5305,5,9,2020
6125,5,9,2020
6531,7,9,2023
6341,5,9,2020
6054,5,9,2020
5268,5,9,2020
6977,7,9,2023
6653,7,9,2023
6503,5,9,2020
6378,5,9,2020
6038,5,9,2020
6343,5,9,2020
5371,5,9,2020
5470,5,9,2020
5971,5,9,2020
7139,7,9,2023
6847,7,9,2023
5545,5,9,2020
6852,7,9,2023
6051,5,9,2020
5668,5,9,2020
5215,5,9,2020
6443,5,9,2020
6440,5,9,2020
7651,7,9,2023
5299,5,9,2020
7451,7,9,2023
6915,7,9,2023
6674,7,9,2023
6765,7,9,2023
5312,5,9,2020
6129,5,9,2020
6036,5,9,2020
6869,7,9,2023
5502,5,9,2020
5736,5,9,2020
7710,7,9,2023
7573,7,9,2023
7581,7,9,2023
6366,5,9,2020
6444,5,9,2020
7686,7,9,2023
6164,5,9,2020
6820,7,9,2023
7186,7,9,2023
7082,7,9,2023
7155,7,9,2023
7707,7,9,2023
7336,7,9,2023
6553,7,9,2023
6681,7,9,2023
6624,7,9,2023
6262,5,9,2020
6216,5,9,2020
6541,7,9,2023
5440,5,9,2020
6213,5,9,2020
6146,5,9,2020
7592,7,9,2023
6249,5,9,2020
5943,5,9,2020
6855,7,9,2023
5770,5,9,2020
6046,5,9,2020
6028,5,9,2020
5889,5,9,2020
6489,5,9,2020
6445,5,9,2020
6086,5,9,2020
7719,7,9,2023
7269,7,9,2023
5876,5,9,2020
5705,5,9,2020
6196,5,9,2020
5774,5,9,2020
6942,7,9,2023
6197,5,9,2020
6601,7,9,2023
7325,7,9,2023
7164,7,9,2023
5840,5,9,2020
7037,7,9,2023
7071,7,9,2023
5880,5,9,2020
6183,5,9,2020
5645,5,9,2020
7120,7,9,2023
7057,7,9,2023
6698,7,9,2023
6192,5,9,2020
6258,5,9,2020
6152,5,9,2020
5910,5,9,2020
6208,5,9,2020
6524,7,9,2023
7778,7,9,2023
6802,7,9,2023
7673,7,9,2023
7012,7,9,2023
7692,7,9,2023
5960,5,9,2020
6844,7,9,2023
6784,7,9,2023
7468,7,9,2023
6374,5,9,2020
5753,5,9,2020
5734,5,9,2020
5402,5,9,2020
6993,7,9,2023
6900,7,9,2023
6689,7,9,2023
7475,7,9,2023
7318,7,9,2023
6776,7,9,2023
6883,7,9,2023
6551,7,9,2023
6182,5,9,2020
7049,7,9,2023
5682,5,9,2020
6442,5,9,2020
5881,5,9,2020
6212,5,9,2020
6117,5,9,2020
5276,5,9,2020
6069,5,9,2020
5428,5,9,2020
5249,5,9,2020
6278,5,9,2020
5224,5,9,2020
5439,5,9,2020
6850,7,9,2023
7612,7,9,2023
6485,5,9,2020
6901,7,9,2023
7644,7,9,2023
7459,7,9,2023
7389,7,9,2023
5629,5,9,2020
7422,7,9,2023
7355,7,9,2023
7480,7,9,2023
7111,7,9,2023
5782,5,9,2020
5702,5,9,2020
7500,7,9,2023
7189,7,9,2023
6422,5,9,2020
7100,7,9,2023
5829,5,9,2020
5692,5,9,2020
6194,5,9,2020
6797,7,9,2023
5505,5,9,2020
7433,7,9,2023
7614,7,9,2023
6123,5,9,2020
5927,5,9,2020
6342,5,9,2020
6027,5,9,2020
5919,5,9,2020
7665,7,9,2023
6998,7,9,2023
7191,7,9,2023
7611,7,9,2023
7137,7,9,2023
7477,7,9,2023
6912,7,9,2023
5279,5,9,2020
6209,5,9,2020
7080,7,9,2023
7316,7,9,2023
6376,5,9,2020
6791,7,9,2023
6116,5,9,2020
5970,5,9,2020
7503,7,9,2023
5632,5,9,2020
7527,7,9,2023
5606,5,9,2020
6809,7,9,2023
5815,5,9,2020
7257,7,9,2023
6428,5,9,2020
6881,7,9,2023
5431,5,9,2020
5726,5,9,2020
6238,5,9,2020
6314,5,9,2020
6565,7,9,2023
6160,5,9,2020
7718,7,9,2023
7256,7,9,2023
5739,5,9,2020
5822,5,9,2020
7050,7,9,2023
5425,5,9,2020
7461,7,9,2023
6749,7,9,2023
7047,7,9,2023
6617,7,9,2023
6282,5,9,2020
6928,7,9,2023
6284,5,9,2020
7569,7,9,2023
6021,5,9,2020
5845,5,9,2020
5916,5,9,2020
7020,7,9,2023
5635,5,9,2020
6241,5,9,2020
5491,5,9,2020
5902,5,9,2020
6923,7,9,2023
6426,5,9,2020
7362,7,9,2023
6961,7,9,2023
6717,7,9,2023
5807,5,9,2020
7587,7,9,2023
6615,7,9,2023
5348,5,9,2020
5542,5,9,2020
6439,5,9,2020
6266,5,9,2020
5590,5,9,2020
7549,7,9,2023
6097,5,9,2020
6955,7,9,2023
6662,7,9,2023
5233,5,9,2020
6055,5,9,2020
6507,5,9,2020
7400,7,9,2023
7341,7,9,2023
5969,5,9,2020
6481,5,9,2020
6409,5,9,2020
6026,5,9,2020
5556,5,9,2020
7359,7,9,2023
5226,5,9,2020
7585,7,9,2023
6502,5,9,2020
6072,5,9,2020
5669,5,9,2020
6768,7,9,2023
5373,5,9,2020
7146,7,9,2023
6294,5,9,2020
5644,5,9,2020
5731,5,9,2020
7435,7,9,2023
6741,7,9,2023
5310,5,9,2020
6736,7,9,2023
6151,5,9,2020
6063,5,9,2020
7784,7,9,2023
7088,7,9,2023
7757,7,9,2023
7620,7,9,2023
7420,7,9,2023
6664,7,9,2023
5928,5,9,2020
5799,5,9,2020
5551,5,9,2020
6436,5,9,2020
6235,5,9,2020
6598,7,9,2023
5484,5,9,2020
6889,7,9,2023
5381,5,9,2020
7497,7,9,2023
5380,5,9,2020
5284,5,9,2020
7353,7,9,2023
6658,7,9,2023
6128,5,9,2020
5992,5,9,2020
5594,5,9,2020
5260,5,9,2020
7501,7,9,2023
7469,7,9,2023
7333,7,9,2023
6997,7,9,2023
6646,7,9,2023
7806,7,9,2023
7284,7,9,2023
7255,7,9,2023
5941,5,9,2020
7709,7,9,2023
6143,5,9,2020
7672,7,9,2023
7212,7,9,2023
6599,7,9,2023
7308,7,9,2023
5838,5,9,2020
7722,7,9,2023
7125,7,9,2023
5412,5,9,2020
6864,7,9,2023
7450,7,9,2023
7065,7,9,2023
6593,7,9,2023
6402,5,9,2020
6893,7,9,2023
6153,5,9,2020
7192,7,9,2023
7152,7,9,2023
6880,7,9,2023
6367,5,9,2020
5954,5,9,2020
6606,7,9,2023
6386,5,9,2020
7319,7,9,2023
6107,5,9,2020
7032,7,9,2023
6696,7,9,2023
5870,5,9,2020
6989,7,9,2023
5616,5,9,2020
5280,5,9,2020
7747,7,9,2023
6126,5,9,2020
6679,7,9,2023
5229,5,9,2020
7754,7,9,2023
7543,7,9,2023
6602,7,9,2023
5670,5,9,2020
7542,7,9,2023
6552,7,9,2023
6774,7,9,2023
6692,7,9,2023
6959,7,9,2023
6077,5,9,2020
5409,5,9,2020
5434,5,9,2020
7444,7,9,2023
5454,5,9,2020
5267,5,9,2020
6229,5,9,2020
5585,5,9,2020
7328,7,9,2023
7286,7,9,2023
6715,7,9,2023
6483,5,9,2020
5443,5,9,2020
5360,5,9,2020
6822,7,9,2023
6365,5,9,2020
5599,5,9,2020
7625,7,9,2023
5562,5,9,2020
7386,7,9,2023
7131,7,9,2023
7058,7,9,2023
7711,7,9,2023
7425,7,9,2023
6187,5,9,2020
6087,5,9,2020
5320,5,9,2020
5213,5,9,2020
7604,7,9,2023
6564,7,9,2023
7738,7,9,2023
6816,7,9,2023
7792,7,9,2023
7439,7,9,2023
6207,5,9,2020
5973,5,9,2020
6575,7,9,2023
5685,5,9,2020
7557,7,9,2023
6293,5,9,2020
6276,5,9,2020
6584,7,9,2023
6003,5,9,2020
5924,5,9,2020
5308,5,9,2020
5844,5,9,2020
6643,7,9,2023
6498,5,9,2020
6876,7,9,2023
7670,7,9,2023
7185,7,9,2023
6158,5,9,2020
5814,5,9,2020
5873,5,9,2020
5421,5,9,2020
5245,5,9,2020
7682,7,9,2023
7230,7,9,2023
7398,7,9,2023
5956,5,9,2020
5989,5,9,2020
5603,5,9,2020
7365,7,9,2023
6174,5,9,2020
7208,7,9,2023
6359,5,9,2020
7544,7,9,2023
7533,7,9,2023
5991,5,9,2020
6310,5,9,2020
5908,5,9,2020
5713,5,9,2020
6933,7,9,2023
6007,5,9,2020
6068,5,9,2020
7403,7,9,2023
6336,5,9,2020
7655,7,9,2023
6538,7,9,2023
7615,7,9,2023
5847,5,9,2020
5539,5,9,2020
7061,7,9,2023
6052,5,9,2020
6513,7,9,2023
7746,7,9,2023
6877,7,9,2023
7755,7,9,2023
5601,5,9,2020
7335,7,9,2023
5334,5,9,2020
6096,5,9,2020
7415,7,9,2023
5683,5,9,2020
6401,5,9,2020
5993,5,9,2020
6203,5,9,2020
6859,7,9,2023
5789,5,9,2020
7042,7,9,2023
5327,5,9,2020
6773,7,9,2023
6894,7,9,2023
6699,7,9,2023
5978,5,9,2020
7660,7,9,2023
7008,7,9,2023
7526,7,9,2023
6361,5,9,2020
7329,7,9,2023
7536,7,9,2023
5236,5,9,2020
6958,7,9,2023
6735,7,9,2023
7387,7,9,2023
7446,7,9,2023
6193,5,9,2020
5490,5,9,2020
6239,5,9,2020
7436,7,9,2023
7016,7,9,2023
6932,7,9,2023
5848,5,9,2020
5935,5,9,2020
7376,7,9,2023
6767,7,9,2023
6381,5,9,2020
5830,5,9,2020
6101,5,9,2020
6686,7,9,2023
7520,7,9,2023
7282,7,9,2023
5636,5,9,2020
5579,5,9,2020
5530,5,9,2020
6377,5,9,2020
5641,5,9,2020
5609,5,9,2020
7642,7,9,2023
5913,5,9,2020
5633,5,9,2020
5369,5,9,2020
6508,5,9,2020
5891,5,9,2020
5810,5,9,2020
6924,7,9,2023
5351,5,9,2020
7338,7,9,2023
7645,7,9,2023
7101,7,9,2023
6333,5,9,2020
7068,7,9,2023
6758,7,9,2023
6886,7,9,2023
5462,5,9,2020
5263,5,9,2020
7759,7,9,2023
7495,7,9,2023
5817,5,9,2020
6388,5,9,2020
7460,7,9,2023
6828,7,9,2023
6478,5,9,2020
7106,7,9,2023
6793,7,9,2023
7348,7,9,2023
7028,7,9,2023
5933,5,9,2020
7218,7,9,2023
6049,5,9,2020
6714,7,9,2023
6177,5,9,2020
7684,7,9,2023
6684,7,9,2023
5358,5,9,2020
5660,5,9,2020
7522,7,9,2023
5291,5,9,2020
7095,7,9,2023
6708,7,9,2023
6456,5,9,2020
7695,7,9,2023
7059,7,9,2023
5781,5,9,2020
6719,7,9,2023
7608,7,9,2023
7364,7,9,2023
7278,7,9,2023
6694,7,9,2023
5438,5,9,2020
6705,7,9,2023
6250,5,9,2020
7662,7,9,2023
5745,5,9,2020
7261,7,9,2023
6866,7,9,2023
5777,5,9,2020
6309,5,9,2020
7487,7,9,2023
5407,5,9,2020
5882,5,9,2020
5751,5,9,2020
5232,5,9,2020
7742,7,9,2023
7339,7,9,2023
6515,7,9,2023
6277,5,9,2020
6654,7,9,2023
7635,7,9,2023
6702,7,9,2023
6056,5,9,2020
6680,7,9,2023
5675,5,9,2020
7039,7,9,2023
5211,5,9,2020
7640,7,9,2023
7246,7,9,2023
6786,7,9,2023
6438,5,9,2020
5780,5,9,2020
6670,7,9,2023
7248,7,9,2023
6168,5,9,2020
6332,5,9,2020
6528,7,9,2023
5619,5,9,2020
7242,7,9,2023
7496,7,9,2023
6671,7,9,2023
5573,5,9,2020
6421,5,9,2020
5318,5,9,2020
7511,7,9,2023
6747,7,9,2023
5896,5,9,2020
5536,5,9,2020
5326,5,9,2020
7555,7,9,2023
7272,7,9,2023
7675,7,9,2023
6159,5,9,2020
5493,5,9,2020
7737,7,9,2023
6490,5,9,2020
5627,5,9,2020
5784,5,9,2020
5403,5,9,2020
7597,7,9,2023
6240,5,9,2020
6434,5,9,2020
7565,7,9,2023
6416,5,9,2020
5264,5,9,2020
7271,7,9,2023
6695,7,9,2023
6304,5,9,2020
6030,5,9,2020
6350,5,9,2020
5985,5,9,2020
5495,5,9,2020
6300,5,9,2020
6874,7,9,2023
6721,7,9,2023
6549,7,9,2023
6572,7,9,2023
5246,5,9,2020
5988,5,9,2020
5605,5,9,2020
7630,7,9,2023
6227,5,9,2020
7580,7,9,2023
6094,5,9,2020
5677,5,9,2020
7015,7,9,2023
5442,5,9,2020
7661,7,9,2023
5794,5,9,2020
7254,7,9,2023
5779,5,9,2020
5408,5,9,2020
5217,5,9,2020
7239,7,9,2023
5710,5,9,2020
7063,7,9,2023
6184,5,9,2020
5401,5,9,2020
7677,7,9,2023
6848,7,9,2023
6272,5,9,2020
7514,7,9,2023
6393,5,9,2020
5942,5,9,2020
5266,5,9,2020
6857,7,9,2023
6975,7,9,2023
7024,7,9,2023
7732,7,9,2023
6922,7,9,2023
6832,7,9,2023
5508,5,9,2020
7752,7,9,2023
6650,7,9,2023
7463,7,9,2023
5584,5,9,2020
5374,5,9,2020
7453,7,9,2023
5749,5,9,2020
7056,7,9,2023
6225,5,9,2020
6048,5,9,2020
5289,5,9,2020
7538,7,9,2023
7658,7,9,2023
7659,7,9,2023
7165,7,9,2023
5521,5,9,2020
6464,5,9,2020
7443,7,9,2023
6522,7,9,2023
6830,7,9,2023
5914,5,9,2020
6796,7,9,2023
5792,5,9,2020
6918,7,9,2023
6232,5,9,2020
5718,5,9,2020
5961,5,9,2020
7240,7,9,2023
7556,7,9,2023
6701,7,9,2023
7176,7,9,2023
5788,5,9,2020
7631,7,9,2023
7801,7,9,2023
6509,5,9,2020
6064,5,9,2020
6043,5,9,2020
5665,5,9,2020
5831,5,9,2020
6726,7,9,2023
5947,5,9,2020
5476,5,9,2020
7123,7,9,2023
6375,5,9,2020
6618,7,9,2023
7073,7,9,2023
6288,5,9,2020
7745,7,9,2023
6533,7,9,2023
5486,5,9,2020
5227,5,9,2020
5903,5,9,2020
7740,7,9,2023
7002,7,9,2023
6519,7,9,2023
6176,5,9,2020
5587,5,9,2020
5459,5,9,2020
6760,7,9,2023
7498,7,9,2023
7606,7,9,2023
7130,7,9,2023
5937,5,9,2020
6156,5,9,2020
5278,5,9,2020
6351,5,9,2020
5755,5,9,2020
6544,7,9,2023
7142,7,9,2023
6580,7,9,2023
6136,5,9,2020
7471,7,9,2023
5785,5,9,2020
7504,7,9,2023
7005,7,9,2023
6713,7,9,2023
6119,5,9,2020
6180,5,9,2020
7494,7,9,2023
5572,5,9,2020
5271,5,9,2020
6913,7,9,2023
6558,7,9,2023
7414,7,9,2023
7034,7,9,2023
6470,5,9,2020
5940,5,9,2020
7499,7,9,2023
7291,7,9,2023
6949,7,9,2023
6173,5,9,2020
5722,5,9,2020
7733,7,9,2023
7023,7,9,2023
5481,5,9,2020
7277,7,9,2023
5293,5,9,2020
6499,5,9,2020
5555,5,9,2020
5285,5,9,2020
6044,5,9,2020
7081,7,9,2023
6321,5,9,2020
6169,5,9,2020
5537,5,9,2020
5531,5,9,2020
5274,5,9,2020
7203,7,9,2023
6511,5,9,2020
5512,5,9,2020
5461,5,9,2020
7775,7,9,2023
6013,5,9,2020
5578,5,9,2020
5707,5,9,2020
7486,7,9,2023
7076,7,9,2023
6392,5,9,2020
6358,5,9,2020
5708,5,9,2020
7404,7,9,2023
6523,7,9,2023
6738,7,9,2023
6520,7,9,2023
6120,5,9,2020
6218,5,9,2020
5465,5,9,2020
5851,5,9,2020
6960,7,9,2023
6362,5,9,2020
6109,5,9,2020
5966,5,9,2020
5259,5,9,2020
7449,7,9,2023
5353,5,9,2020
6495,5,9,2020
7199,7,9,2023
6899,7,9,2023
6807,7,9,2023
6005,5,9,2020
6497,5,9,2020
7812,7,9,2023
6841,7,9,2023
7409,7,9,2023
6811,7,9,2023
7264,7,9,2023
5436,5,9,2020
5347,5,9,2020
7351,7,9,2023
6905,7,9,2023
5878,5,9,2020
7589,7,9,2023
6291,5,9,2020
7516,7,9,2023
5920,5,9,2020
7720,7,9,2023
6387,5,9,2020
7054,7,9,2023
5623,5,9,2020
5666,5,9,2020
7582,7,9,2023
5340,5,9,2020
6384,5,9,2020
7260,7,9,2023
7087,7,9,2023
6305,5,9,2020
6047,5,9,2020
7006,7,9,2023
5424,5,9,2020
6878,7,9,2023
5563,5,9,2020
6690,7,9,2023
5648,5,9,2020
7811,7,9,2023
7044,7,9,2023
7470,7,9,2023
6697,7,9,2023
5392,5,9,2020
7126,7,9,2023
6798,7,9,2023
6340,5,9,2020
6327,5,9,2020
6744,7,9,2023
7323,7,9,2023
6728,7,9,2023
6885,7,9,2023
5787,5,9,2020
7136,7,9,2023
7238,7,9,2023
7112,7,9,2023
6130,5,9,2020
6329,5,9,2020
5758,5,9,2020
7292,7,9,2023
6986,7,9,2023
5681,5,9,2020
6452,5,9,2020
5756,5,9,2020
6745,7,9,2023
5355,5,9,2020
6813,7,9,2023
6512,7,9,2023
7311,7,9,2023
6976,7,9,2023
5250,5,9,2020
5415,5,9,2020
5854,5,9,2020
