rowid,product_id,custome_id,price,total_price
1,6739,76305,230,230
2,7460,81008,1455,5820
3,6701,7556,1159,2318
4,8021,36492,3727,7454
5,6442,11282,4387,21935
6,5643,36216,1619,1619
7,7186,48203,2691,13455
8,6668,7427,2037,6111
9,8669,51578,4237,16948
10,8206,77899,4089,4089
11,7732,31755,3700,18500
12,8107,32824,4168,20840
13,8925,5211,4001,16004
14,5732,66187,2198,8792
15,6728,839,1956,3912
16,6370,63643,2657,5314
17,8150,76537,1299,5196
18,5709,67374,157,628
19,8719,4068,257,1028
20,5727,2709,2463,4926
21,7796,72708,3527,17635
22,6485,87513,2909,11636
23,7042,41460,574,2296
24,8904,35404,2612,10448
25,6029,19629,1884,1884
26,8189,23923,366,732
27,8323,60958,755,2265
28,8216,64735,621,2484
29,6212,83962,2328,11640
30,6573,63393,1292,5168
31,6914,39822,3569,10707
32,5755,52698,3188,12752
33,8460,11223,598,1794
34,6509,40772,3121,12484
35,6084,54176,4676,9352
36,7432,76819,2649,13245
37,5675,16386,3847,19235
38,6696,73447,3156,12624
39,7291,58811,490,980
40,7191,89532,2585,10340
41,8635,54693,122,366
42,7233,81056,2502,10008
43,6100,54643,1791,7164
44,8254,23369,3181,3181
45,5792,15945,1723,3446
46,7727,36767,4649,4649
47,8878,83338,1903,9515
48,8850,53294,1827,5481
49,7158,58677,2557,7671
50,7100,10473,2084,6252
51,7332,21152,3331,6662
52,7896,17777,3911,7822
53,7467,7788,1729,3458
54,6055,20323,3955,19775
55,6294,76743,133,532
56,8021,20132,3727,11181
57,8305,41753,3066,6132
58,6940,80369,1889,9445
59,6891,65424,4238,4238
60,7857,79853,367,734
61,5921,50578,2576,7728
62,6377,45126,79,395
63,7593,63401,4700,18800
64,6412,21868,938,4690
65,8529,25673,3745,11235
66,7837,29745,2178,6534
67,7212,8732,2316,6948
68,8282,5479,4133,20665
69,8624,88407,3573,14292
70,5624,71829,1621,6484
71,7761,75902,4701,9402
72,8071,38559,3861,3861
73,7804,76481,1517,7585
74,8820,40268,3202,6404
75,6036,13759,1337,6685
76,5844,6208,136,272
77,7698,81437,3114,12456
78,5639,46775,2579,10316
79,7129,48960,3625,3625
80,6221,39616,3362,10086
81,8802,69200,3567,3567
82,6724,49994,4622,13866
83,6124,9815,4801,14403
84,7132,24836,1784,8920
85,8546,53474,2708,8124
86,5643,24171,1619,8095
87,8071,9170,3861,7722
88,8156,3049,2011,10055
89,7767,61886,1189,5945
90,7764,60090,3278,9834
91,8146,37332,2768,8304
92,8680,82963,4408,13224
93,8024,70243,4506,4506
94,8494,16497,1342,5368
95,6004,76174,2190,6570
96,7755,56752,226,1130
97,5963,240,1205,3615
98,8589,88433,631,2524
99,7347,27837,314,314
100,6505,72604,1305,2610
101,8642,6162,984,3936
102,6554,58145,1889,9445
103,8034,86122,4335,13005
104,6622,2507,3803,3803
105,8302,33713,1229,4916
106,8036,78166,4206,12618
107,7516,7978,1937,1937
108,7009,70536,4850,14550
109,8932,2487,4842,14526
110,8882,85701,2126,6378
111,8943,11017,4946,4946
112,7073,2324,1763,8815
113,8370,68498,2061,2061
114,8587,59617,145,435
115,8888,21645,4433,17732
116,6774,27272,4844,14532
117,8906,50664,2709,10836
118,8414,84880,3262,3262
119,7317,14764,4048,20240
120,7266,76670,370,370
121,7873,89838,3820,11460
122,8773,55496,2289,4578
123,5883,17993,113,452
124,5820,85882,510,1020
125,5681,8428,1062,2124
126,8215,21205,2819,11276
127,5956,7565,2731,10924
128,8905,54998,1045,3135
129,6647,43976,3909,3909
130,8088,79350,3984,11952
131,5932,37240,2691,13455
132,5714,46464,1845,9225
133,5943,17587,951,1902
134,8924,75079,2221,6663
135,7577,43176,3137,6274
136,7228,757,3375,13500
137,7321,86017,4010,4010
138,6503,30851,4635,23175
139,6267,49438,2748,2748
140,8116,57717,424,848
141,8837,35078,2701,2701
142,8238,81136,648,1944
143,8624,35149,3573,17865
144,7071,77941,1727,1727
145,5978,3300,2718,10872
146,7840,75274,3143,3143
147,6058,41057,57,57
148,7761,48008,4701,14103
149,8476,53238,4538,18152
150,6127,33807,4621,9242
151,8512,86294,3430,13720
152,6057,79754,2503,12515
153,6903,84329,1002,3006
154,8024,79194,4506,4506
155,6591,15949,709,709
156,6302,64772,1717,3434
157,7306,58197,86,172
158,8284,59602,4455,13365
159,5932,50839,2691,13455
160,8782,7027,695,695
161,7196,63944,4862,9724
162,8796,14373,528,1584
163,7857,26657,367,1468
164,7165,36285,3318,3318
165,5932,16487,2691,8073
166,7713,43921,2808,8424
167,5725,86592,1304,3912
168,6963,63818,3423,10269
169,8064,42492,58,58
170,5868,38563,3927,11781
171,6561,60895,2583,10332
172,8053,82366,353,1765
173,7928,45119,3451,17255
174,7351,73012,565,565
175,7590,73578,3841,19205
176,8556,61871,1665,8325
177,8467,32873,4853,14559
178,6245,83716,527,2635
179,7765,75574,100,300
180,7864,29332,1471,5884
181,8844,439,3496,3496
182,8698,24926,90,360
183,7980,39264,88,176
184,6243,16839,4033,12099
185,7994,31023,2176,10880
186,6259,30488,4028,12084
187,7977,5945,4157,20785
188,7241,12238,993,3972
189,6707,68476,4743,9486
190,6646,10875,2428,7284
191,6570,49822,446,2230
192,6090,32918,1292,1292
193,7761,59624,4701,14103
194,6829,12657,2230,2230
195,6756,89175,1240,3720
196,5725,63251,1304,5216
197,8307,34786,2630,2630
198,5787,11617,3832,15328
199,5643,17490,1619,4857
200,8567,29429,1313,3939
201,8301,42080,1594,6376
202,8129,31307,3468,17340
203,7141,18007,1787,1787
204,5982,59099,2838,5676
205,7317,21202,4048,12144
206,6589,57788,529,2116
207,7972,41273,2769,2769
208,8531,69299,1377,2754
209,8969,16994,4612,18448
210,7520,88385,4711,23555
211,7344,83368,3945,3945
212,7496,43629,2331,2331
213,7850,36530,164,328
214,8158,36462,2310,4620
215,7612,13379,239,239
216,7098,52526,3803,15212
217,8424,12659,2781,8343
218,6087,3149,2008,8032
219,6732,34099,4706,23530
220,6287,67651,2693,13465
221,8644,69733,1345,1345
222,7185,11094,3121,6242
223,7976,87891,3490,3490
224,5706,41367,317,1268
225,7543,68455,2012,10060
226,6323,87644,3461,3461
227,7687,78919,2285,11425
228,8404,20151,398,1592
229,8810,87066,2152,8608
230,6709,48897,702,2106
231,6257,39416,3964,7928
232,8539,27725,2420,2420
233,5943,47130,951,4755
234,8752,5352,3536,10608
235,8983,19155,3334,3334
236,6387,85901,3408,13632
237,7330,70720,4960,14880
238,5958,41429,2683,13415
239,7658,59521,4488,4488
240,8950,61667,897,3588
241,8195,37876,1374,1374
242,6595,72740,3443,13772
243,6946,41910,1061,3183
244,7177,40828,4331,17324
245,6712,62814,1617,1617
246,7355,77610,1958,9790
247,8326,17783,925,1850
248,5611,60205,1544,6176
249,6556,81053,2044,10220
250,8885,3952,2901,14505
251,8832,1411,4837,4837
252,7030,87344,2933,11732
253,7619,53728,3579,7158
254,7158,32537,2557,2557
255,8765,73197,4348,4348
256,5869,2255,3180,6360
257,6247,1020,1536,1536
258,5937,16614,4161,16644
259,8884,1563,2267,9068
260,7891,15090,4654,13962
261,8453,28314,140,700
262,6569,77179,2718,8154
263,7160,63748,2596,7788
264,7153,72556,2136,4272
265,7857,15914,367,1101
266,8911,7633,4021,8042
267,5784,59188,3415,17075
268,8263,5488,935,2805
269,8106,10227,769,3076
270,8216,80706,621,2484
271,5926,19166,1184,4736
272,8199,82871,4634,13902
273,5857,23099,1795,7180
274,6292,46219,4698,18792
275,8427,62399,1088,4352
276,8168,63524,4789,19156
277,5911,17578,4555,13665
278,8749,79656,4418,8836
279,6856,14092,125,250
280,8671,85300,4108,20540
281,8072,56637,1877,9385
282,8995,42722,4320,21600
283,8422,75237,4346,13038
284,6050,11751,4182,16728
285,7738,44078,3799,3799
286,8058,18389,1164,2328
287,8658,25899,3101,6202
288,8417,64015,1882,7528
289,6058,10497,57,114
290,8025,65827,4688,9376
291,7100,87522,2084,10420
292,8558,11434,1760,3520
293,6969,4865,1047,5235
294,6746,37861,205,205
295,6333,1990,1782,3564
296,7832,76307,3238,12952
297,6338,34533,1952,9760
298,5766,76643,1585,7925
299,8841,85198,4660,18640
300,8760,37386,2356,4712
301,6404,11967,322,1288
302,6080,20725,3004,9012
303,8897,81146,653,653
304,7683,74294,4121,20605
305,7853,82510,2015,6045
306,7895,12586,3550,3550
307,6189,74309,1118,2236
308,7854,84068,3137,3137
309,6514,87094,4743,9486
310,6821,56074,357,1428
311,7584,52372,1453,2906
312,6151,58001,556,1668
313,6830,48895,1235,4940
314,6051,30551,2909,5818
315,7476,7970,3873,11619
316,5949,29550,2516,2516
317,9000,51687,624,3120
318,6402,12004,690,3450
319,8826,11678,2690,10760
320,6897,43729,4787,19148
321,8467,69029,4853,4853
322,8817,12113,1233,1233
323,6172,31435,174,696
324,7818,25282,1496,1496
325,7911,63885,2314,4628
326,8453,8632,140,420
327,6752,84332,643,643
328,7612,1756,239,717
329,6752,74280,643,3215
330,7986,10278,110,110
331,7229,38264,4458,22290
332,8453,47631,140,280
333,6700,82929,2292,11460
334,8583,6701,4658,23290
335,6052,21595,2984,8952
336,7543,39428,2012,4024
337,7976,78366,3490,6980
338,7453,4839,3327,16635
339,7356,42884,720,3600
340,6169,3903,4232,8464
341,5816,52186,469,938
342,7994,23848,2176,6528
343,6019,24643,1419,4257
344,7959,55786,4594,18376
345,7304,39024,1861,3722
346,8863,50553,546,1092
347,7022,29477,2432,4864
348,5602,85502,215,645
349,8749,76608,4418,13254
350,8427,62433,1088,1088
351,6352,5931,738,2214
352,8863,28253,546,1092
353,6124,15182,4801,24005
354,7343,81281,4338,13014
355,6929,17205,727,2908
356,8700,37269,410,1640
357,7980,3090,88,352
358,7524,23732,3627,14508
359,7238,14812,1678,3356
360,6944,46177,741,2223
361,6905,72988,1335,6675
362,8632,34465,3300,13200
363,6956,202,994,3976
364,5831,73961,4728,18912
365,7764,81050,3278,16390
366,5794,61193,314,628
367,6969,23592,1047,1047
368,7354,26732,3817,19085
369,6247,54180,1536,3072
370,5888,77407,3797,15188
371,7674,38447,3807,11421
372,7036,27203,3349,16745
373,5888,18791,3797,3797
374,8404,33492,398,398
375,6892,48209,2095,10475
376,6749,42932,1544,1544
377,8296,62320,3343,13372
378,8235,89180,2369,4738
379,8903,89310,2430,2430
380,8276,56819,4561,9122
381,7925,10129,808,3232
382,8071,35222,3861,7722
383,7088,46940,4432,4432
384,8300,1111,4712,9424
385,5888,981,3797,3797
386,6127,30023,4621,13863
387,8499,59395,3386,10158
388,6227,45070,4963,24815
389,5921,16981,2576,12880
390,8139,22381,1250,5000
391,8076,19925,3401,17005
392,8230,32505,325,975
393,6753,16385,558,2790
394,8658,61886,3101,9303
395,6486,23259,434,868
396,6601,8284,4661,23305
397,6634,42430,1256,1256
398,7267,80484,3868,19340
399,8449,84143,4885,4885
400,6933,83483,3200,3200
401,7591,89515,3770,11310
402,6202,75424,4409,8818
403,8537,88754,2601,13005
404,6088,35300,3946,19730
405,6177,22044,1424,5696
406,7764,33165,3278,9834
407,8076,53150,3401,13604
408,6315,37165,4825,9650
409,6903,36098,1002,5010
410,7344,59259,3945,7890
411,5815,9498,4177,4177
412,6259,25455,4028,12084
413,5930,48151,438,438
414,6652,16310,58,116
415,7906,65336,1951,1951
416,6352,44946,738,738
417,6614,39874,4756,19024
418,8255,69242,2730,2730
419,7819,38855,2705,5410
420,5821,1055,1328,2656
421,7168,49052,690,1380
422,6586,73909,3791,15164
423,6643,14797,350,1750
424,8769,13240,3913,11739
425,6784,76630,4430,17720
426,6736,37603,3065,12260
427,6301,81094,2446,7338
428,5857,41245,1795,8975
429,6239,56579,3993,19965
430,5840,72826,3338,6676
431,6710,6622,905,2715
432,7849,57458,2007,6021
433,7112,21271,3612,7224
434,6456,7903,719,2876
435,6940,47749,1889,1889
436,6540,86673,4921,14763
437,7520,46059,4711,4711
438,8107,2954,4168,16672
439,5927,7534,897,4485
440,7604,72911,1136,2272
441,6950,21677,3396,16980
442,8266,10217,657,2628
443,8240,60924,2072,4144
444,6725,58093,4797,4797
445,5614,29727,4722,14166
446,8008,48580,4407,17628
447,8145,20349,1143,2286
448,5636,83395,212,424
449,8712,73663,3036,3036
450,8690,73646,748,3740
451,6522,74914,358,716
452,6637,6077,3973,3973
453,7960,71960,321,321
454,6715,3847,1040,2080
455,5664,89640,3546,10638
456,6857,59201,2237,6711
457,7350,58890,2309,4618
458,5818,26346,451,1353
459,7186,52177,2691,13455
460,8023,70611,328,328
461,7758,26827,3953,15812
462,6738,82024,4884,4884
463,5969,6257,3957,11871
464,7998,62809,635,2540
465,7878,23326,3273,13092
466,6571,65749,4398,13194
467,7801,66526,594,594
468,8569,72399,1876,5628
469,5789,71222,1008,4032
470,7331,17759,1073,4292
471,7299,47815,2334,7002
472,6088,22654,3946,15784
473,8163,63441,326,978
474,8271,16591,1048,2096
475,5770,83343,80,240
476,8090,63255,680,680
477,6512,62094,2443,9772
478,5899,76319,4216,21080
479,8176,76280,4544,22720
480,8841,38586,4660,4660
481,7790,44756,3537,17685
482,8177,18335,3101,9303
483,7672,49413,786,2358
484,7363,57675,4781,19124
485,7922,44956,3770,3770
486,8828,74923,3697,7394
487,8160,4243,2075,2075
488,8567,40582,1313,3939
489,8342,64929,700,700
490,5882,51888,3143,6286
491,6646,74452,2428,9712
492,7142,4767,147,441
493,7439,6025,2279,4558
494,8846,53840,2863,11452
495,5643,69067,1619,4857
496,8931,61098,4512,9024
497,7035,20686,1223,2446
498,7298,34328,1921,5763
499,7761,78350,4701,18804
500,6882,28623,2740,10960
501,8787,76999,1321,5284
502,7695,1171,4340,21700
503,7139,83311,936,3744
504,6329,89435,4682,14046
505,5605,77629,2505,10020
506,8008,79916,4407,4407
507,5619,65052,143,572
508,6034,87170,2365,11825
509,6440,54482,3674,11022
510,8541,38082,1527,4581
511,7641,54682,3189,6378
512,6564,43018,3089,3089
513,8393,19761,4278,21390
514,6433,68512,3234,12936
515,6660,68373,805,2415
516,5745,41031,2493,2493
517,8661,30192,2317,6951
518,8631,83824,1717,1717
519,7160,32407,2596,5192
520,8066,63613,3537,14148
521,8502,6366,264,1056
522,6357,64935,2732,10928
523,8398,74259,4200,16800
524,7541,31176,197,394
525,5946,84321,4259,21295
526,8022,49139,3825,15300
527,5815,38606,4177,8354
528,6339,81887,1888,9440
529,7428,8488,2997,2997
530,5956,24557,2731,10924
531,6759,34181,1350,4050
532,6668,83308,2037,4074
533,7597,24985,4263,8526
534,8453,68386,140,140
535,6850,53924,716,2148
536,7539,15370,3459,17295
537,7750,18506,2051,4102
538,6257,74378,3964,19820
539,6113,40441,3990,7980
540,7218,33879,3326,16630
541,7514,68284,1510,4530
542,7486,1845,1344,4032
543,6899,76702,1530,7650
544,7655,65905,1665,8325
545,8486,49280,3589,17945
546,6097,69546,449,449
547,7922,58834,3770,3770
548,6495,64772,351,1053
549,6615,63820,107,535
550,8625,80173,1626,8130
551,8076,88944,3401,13604
552,8381,53253,2768,13840
553,7953,53900,1332,1332
554,8374,89495,3037,6074
555,7719,72014,2451,7353
556,5853,30000,2189,2189
557,7664,49047,1123,4492
558,8595,71319,3071,6142
559,8025,67634,4688,14064
560,6042,34983,4820,19280
561,8711,82739,3391,10173
562,5945,11217,2448,2448
563,7723,22248,2799,8397
564,7595,18543,4530,4530
565,8770,6078,4533,13599
566,7764,22257,3278,6556
567,7134,44222,3519,17595
568,6521,55276,2873,5746
569,6412,63798,938,3752
570,8176,29549,4544,9088
571,6123,27643,4075,8150
572,8053,66103,353,353
573,8941,68627,4224,4224
574,7540,60433,4446,8892
575,8600,77850,4009,16036
576,6212,48519,2328,4656
577,8193,40804,2242,8968
578,6304,8717,1186,2372
579,6078,70232,2684,13420
580,5989,51920,3570,3570
581,6723,33355,465,930
582,7904,83208,4987,24935
583,8714,8153,3174,3174
584,7363,67005,4781,23905
585,7804,57903,1517,3034
586,8064,43544,58,232
587,8718,7266,3507,3507
588,8254,7771,3181,9543
589,6346,55170,3045,3045
590,8267,8859,4871,24355
591,5640,13718,3749,11247
592,8572,76550,534,2136
593,7287,73286,1010,2020
594,6591,8712,709,2836
595,6146,77293,3282,9846
596,8564,51621,2250,2250
597,6646,59292,2428,2428
598,5766,21561,1585,1585
599,8358,85054,858,3432
600,7832,48985,3238,9714
601,7978,80698,4189,16756
602,6898,22982,2125,4250
603,6328,82946,2254,2254
604,6226,16998,4298,12894
605,8762,43179,2445,2445
606,6185,82800,787,3935
607,5905,69229,4729,14187
608,6454,46832,1794,3588
609,6012,33997,4771,9542
610,8863,31572,546,546
611,6861,71045,922,3688
612,6355,22376,2474,7422
613,7366,84194,202,404
614,8035,43652,4973,19892
615,6572,48975,4820,4820
616,7316,9264,1429,2858
617,6109,87470,1882,7528
618,8558,87684,1760,3520
619,7024,35013,4383,13149
620,6908,4146,655,1965
621,6050,81451,4182,20910
622,8079,60642,4079,8158
623,8134,44738,2759,2759
624,5681,66321,1062,4248
625,5808,28157,4182,20910
626,8027,41341,3311,3311
627,5600,15630,3210,16050
628,7010,6707,1276,6380
629,6694,25427,2864,8592
630,7309,11107,1336,6680
631,8000,24484,1629,1629
632,7960,35372,321,1605
633,6890,10031,2571,2571
634,6152,18298,584,2920
635,5653,49,3158,3158
636,7381,35825,1243,6215
637,7980,409,88,88
638,7727,62418,4649,9298
639,7406,64970,460,1840
640,8255,81278,2730,5460
641,5909,3380,1235,6175
642,7475,73347,3649,10947
643,7735,19642,3828,11484
644,7640,3444,759,3036
645,6713,59368,3335,13340
646,6913,37974,4974,14922
647,5708,24136,1569,7845
648,8273,54816,1489,7445
649,8298,18136,2072,10360
650,7229,3309,4458,17832
651,7036,33298,3349,6698
652,6547,74681,4909,19636
653,7724,36602,4273,21365
654,6212,33448,2328,11640
655,5945,8180,2448,7344
656,5705,38549,1646,4938
657,6906,2037,213,639
658,7723,4570,2799,13995
659,8661,48220,2317,11585
660,6569,37173,2718,5436
661,6274,82504,3102,3102
662,5908,85817,667,2001
663,6403,63838,2056,8224
664,7582,58957,868,868
665,5946,38229,4259,4259
666,5936,3469,4350,4350
667,7184,34614,4787,4787
668,8453,81623,140,140
669,8437,13142,1396,4188
670,6922,54324,572,572
671,6624,84647,4297,8594
672,7368,67252,4394,13182
673,8280,20509,490,490
674,7009,45050,4850,19400
675,8402,13685,1143,4572
676,6596,35959,882,2646
677,7031,13768,1513,6052
678,8070,57242,1666,3332
679,8241,14307,3329,9987
680,7796,27132,3527,17635
681,5873,40634,1611,4833
682,7309,67080,1336,4008
683,5756,28717,4270,17080
684,7015,4212,3096,6192
685,5982,57986,2838,2838
686,5705,84270,1646,4938
687,8217,84101,1374,6870
688,8651,41420,4698,14094
689,5690,62556,2560,5120
690,6145,16530,280,840
691,8763,49352,3344,13376
692,8519,12645,3054,6108
693,7630,6402,646,1292
694,5811,81540,4639,18556
695,8258,51862,2842,14210
696,6384,27988,484,1452
697,7793,17479,626,3130
698,5707,22204,3776,15104
699,7540,55433,4446,8892
700,8658,68136,3101,9303
701,8479,51989,4037,4037
702,7578,33713,2818,8454
703,7835,4500,4141,20705
704,8029,16280,2553,2553
705,8112,58152,3931,11793
706,8770,85223,4533,18132
707,8338,75490,3386,3386
708,6315,67716,4825,19300
709,6984,74955,3325,6650
710,8825,5945,1506,4518
711,6085,28232,3366,13464
712,7360,64565,146,438
713,8157,58409,911,911
714,6009,61503,3391,13564
715,6971,81495,81,162
716,8370,46775,2061,4122
717,5680,31680,2641,7923
718,7756,25272,4307,21535
719,6926,50603,927,927
720,8794,89385,4414,17656
721,5653,23001,3158,9474
722,8726,56562,3947,3947
723,5989,68199,3570,7140
724,8282,85923,4133,20665
725,8906,8810,2709,2709
726,7898,88003,4262,21310
727,8793,77207,2943,11772
728,6121,64682,3653,18265
729,5693,55903,4982,24910
730,7116,4699,87,87
731,8854,12600,1492,4476
732,8506,45238,721,1442
733,7237,62086,3046,15230
734,8078,26981,393,1572
735,8897,76054,653,1306
736,6638,65698,3802,3802
737,6638,79276,3802,7604
738,7575,16944,3761,15044
739,6857,54138,2237,8948
740,7111,68772,961,4805
741,6131,6362,2011,4022
742,8449,73389,4885,9770
743,7542,25392,1830,7320
744,7629,48626,4214,4214
745,6618,53842,4748,9496
746,6601,34050,4661,18644
747,8168,2647,4789,14367
748,6128,2225,2173,8692
749,8201,70721,2125,4250
750,6926,726,927,927
751,6586,48807,3791,11373
752,8958,76356,1645,6580
753,8642,48427,984,4920
754,6051,197,2909,5818
755,7606,13677,2228,6684
756,8793,60573,2943,8829
757,7824,17576,1490,2980
758,6477,20980,2033,6099
759,8668,19795,176,704
760,6830,3807,1235,2470
761,7082,65134,3090,3090
762,6236,84356,180,540
763,7877,34691,2283,11415
764,7953,72508,1332,1332
765,8158,1146,2310,11550
766,6478,34509,3377,10131
767,5781,71144,4745,4745
768,7883,5933,879,879
769,6812,5976,243,486
770,8070,67557,1666,4998
771,6287,19383,2693,2693
772,6267,81712,2748,5496
773,8183,86304,4093,20465
774,6910,10260,3823,15292
775,5954,45710,1751,5253
776,8708,73979,3089,6178
777,5834,81131,1877,5631
778,8803,67585,310,1550
779,8333,17906,1388,5552
780,7278,12312,4740,14220
781,8423,83162,211,211
782,7973,77083,1932,5796
783,7856,74017,4874,19496
784,6800,44464,2616,5232
785,7228,63658,3375,10125
786,6323,47474,3461,3461
787,8416,73330,1039,1039
788,6869,26716,2459,4918
789,6641,27729,4779,23895
790,8480,42873,720,2160
791,8765,8472,4348,8696
792,8212,7041,2625,5250
793,6012,2983,4771,4771
794,8891,20574,3381,3381
795,6194,60948,3580,14320
796,8627,64066,1536,6144
797,8366,74498,4250,4250
798,6535,72264,895,4475
799,5607,79023,1164,3492
800,7745,6513,797,2391
801,5864,13439,4337,4337
802,8554,22991,1448,1448
803,8985,6196,1311,6555
804,7439,44221,2279,11395
805,8077,12996,4898,9796
806,7735,61152,3828,7656
807,8805,4334,1230,3690
808,8316,55393,1363,1363
809,8726,42552,3947,15788
810,7193,47749,2805,14025
811,7725,76910,3997,3997
812,8404,88204,398,1990
813,6886,76154,488,488
814,7212,80191,2316,6948
815,8254,3851,3181,6362
816,8210,82870,1454,2908
817,6671,36375,2601,13005
818,6774,43891,4844,14532
819,5989,55306,3570,17850
820,7255,69732,334,334
821,5611,65230,1544,1544
822,7590,46962,3841,19205
823,6518,4303,2159,10795
824,6301,19523,2446,9784
825,8326,75379,925,2775
826,6583,39628,4728,23640
827,7382,32103,3095,15475
828,8100,32735,3758,3758
829,7338,71470,57,228
830,7522,54793,4842,4842
831,6748,18259,2821,14105
832,8349,84321,4912,24560
833,6956,5065,994,994
834,6518,54470,2159,8636
835,7216,11776,4770,14310
836,7431,40587,3824,3824
837,6612,8913,4690,9380
838,6343,6178,4240,16960
839,7483,60333,4827,14481
840,6668,59003,2037,6111
841,7105,33295,1513,7565
842,8296,26201,3343,16715
843,7612,80508,239,239
844,8290,30576,2940,5880
845,8450,89483,1077,5385
846,6259,12791,4028,20140
847,8460,2869,598,598
848,5773,42967,296,296
849,6866,1984,2869,11476
850,8271,6606,1048,5240
851,8476,70050,4538,18152
852,6469,48142,3863,19315
853,6825,11474,2445,4890
854,6700,9239,2292,2292
855,7273,42425,2077,4154
856,6370,57343,2657,2657
857,8854,34730,1492,2984
858,7807,79684,2828,11312
859,8535,51205,1290,1290
860,7520,617,4711,4711
861,7428,72533,2997,8991
862,7378,17176,4270,17080
863,7414,57905,1866,5598
864,6478,65027,3377,16885
865,7641,52282,3189,15945
866,6971,87769,81,81
867,8262,7112,562,562
868,7449,81617,3065,3065
869,6551,55378,1078,5390
870,8280,26821,490,1960
871,6924,85874,3719,7438
872,8834,77995,4068,4068
873,7202,89553,4787,9574
874,6318,59457,4756,23780
875,6484,74059,3975,7950
876,8564,7604,2250,11250
877,5856,48089,1952,7808
878,6475,45872,651,1953
879,8127,74905,3924,7848
880,7368,19520,4394,21970
881,8294,10436,4058,8116
882,8205,46270,889,4445
883,8381,24600,2768,2768
884,8485,83696,1293,3879
885,7604,32661,1136,3408
886,7880,24979,3437,6874
887,6397,82804,258,1032
888,7095,62867,4392,13176
889,7172,32565,2824,5648
890,8841,14319,4660,4660
891,5789,59793,1008,3024
892,6602,79569,565,1130
893,5642,79615,4567,18268
894,8928,59871,1735,8675
895,8792,51731,3151,3151
896,8983,36836,3334,13336
897,7387,82997,3719,7438
898,8620,62809,2982,8946
899,6975,30394,1201,6005
900,7904,68052,4987,14961
901,7157,14892,2394,4788
902,5877,51823,694,2776
903,7647,20739,3430,3430
904,7389,27655,4484,22420
905,7349,78468,3349,13396
906,6351,73695,3647,7294
907,8189,13209,366,1830
908,7356,47941,720,720
909,8449,25975,4885,19540
910,5953,34876,2283,2283
911,6101,68687,2365,4730
912,7644,31590,1132,5660
913,8663,76760,1854,1854
914,6774,39824,4844,14532
915,7611,37903,650,3250
916,8233,57950,1789,8945
917,6891,72398,4238,8476
918,5740,13068,1465,2930
919,6493,45281,2985,8955
920,8311,33144,1666,6664
921,6628,13118,4214,4214
922,7978,22999,4189,16756
923,7438,15413,1735,1735
924,5662,12541,4620,13860
925,6060,79938,227,1135
926,7325,28441,3965,3965
927,7637,57671,255,1275
928,6417,72714,237,474
929,8360,35223,1002,1002
930,7019,74245,2988,2988
931,7695,77692,4340,13020
932,5704,3630,1330,6650
933,8891,30748,3381,13524
934,7348,88113,3009,6018
935,7658,72072,4488,8976
936,5699,25524,2544,7632
937,6436,44012,3413,10239
938,6564,88417,3089,15445
939,7761,81780,4701,4701
940,8731,68160,146,730
941,7141,23369,1787,8935
942,8193,76431,2242,4484
943,8617,66490,2763,13815
944,6945,71422,2174,10870
945,7523,53367,1343,1343
946,8569,40055,1876,5628
947,6729,50571,4567,4567
948,8197,69756,1113,4452
949,7777,21096,794,3970
950,7493,12935,432,2160
951,7417,45232,1047,5235
952,8596,75994,98,392
953,8370,16982,2061,2061
954,8719,18377,257,257
955,8907,30754,4894,14682
956,6643,5860,350,1050
957,6222,8011,1617,1617
958,7868,48021,3457,3457
959,7063,16850,1340,1340
960,8484,20666,4365,21825
961,6487,51136,1982,7928
962,6895,4377,138,276
963,7523,249,1343,5372
964,8501,59467,1814,1814
965,6090,30940,1292,2584
966,7416,48228,1390,5560
967,7723,4437,2799,11196
968,5852,84686,742,1484
969,6969,44546,1047,2094
970,5641,20208,4715,14145
971,5657,61522,191,382
972,6584,1633,2530,2530
973,6177,68397,1424,2848
974,8030,11995,2733,5466
975,6412,27181,938,938
976,6922,45555,572,2860
977,8449,65500,4885,4885
978,6426,21301,3621,7242
979,6892,85010,2095,10475
980,6478,9059,3377,3377
981,5784,37999,3415,3415
982,5817,10920,140,140
983,6601,85503,4661,4661
984,8572,41325,534,534
985,7745,24141,797,3188
986,5939,9250,4728,14184
987,7430,64752,1755,3510
988,7256,88217,3566,7132
989,7533,89356,4172,16688
990,6190,57535,4263,4263
991,8894,80571,640,2560
992,6983,47102,1774,3548
993,5865,4526,713,3565
994,5681,12113,1062,4248
995,7317,80956,4048,12144
996,8710,51713,3998,7996
997,8891,13240,3381,3381
998,5887,49846,1628,4884
999,8825,2133,1506,4518
1000,8548,56449,2850,14250
1001,8234,76188,169,169
1002,7536,81623,496,1984
1003,6405,16484,4296,21480
1004,8569,32140,1876,1876
1005,5665,89080,1314,6570
1006,8335,84693,977,2931
1007,8980,24437,2475,9900
1008,6283,9178,4108,12324
1009,5642,20516,4567,4567
1010,6974,44889,2341,2341
1011,8216,68658,621,621
1012,7632,33890,1080,1080
1013,7204,27101,4523,13569
1014,7139,28347,936,1872
1015,8324,68014,3654,10962
1016,7175,88821,1285,6425
1017,8360,25298,1002,3006
1018,8237,67685,2457,9828
1019,6276,60711,522,522
1020,8147,77477,332,1660
1021,8427,46919,1088,3264
1022,7285,5307,1978,9890
1023,8620,16439,2982,2982
1024,5821,19036,1328,2656
1025,5960,7793,1126,3378
1026,6059,78685,4475,8950
1027,7215,74150,2535,12675
1028,7381,65880,1243,6215
1029,6262,19689,749,3745
1030,8898,17149,3677,18385
1031,6850,80637,716,2148
1032,6307,74052,1186,1186
1033,7188,80864,4337,21685
1034,7237,61868,3046,9138
1035,7086,54080,2008,10040
1036,8029,71194,2553,5106
1037,7729,73046,3292,6584
1038,6359,26838,1143,3429
1039,8407,32965,4725,23625
1040,6097,59374,449,898
1041,8025,74820,4688,18752
1042,7678,57989,4581,9162
1043,6218,34823,4495,17980
1044,6723,4047,465,1395
1045,6542,27296,4803,19212
1046,8501,16956,1814,9070
1047,5837,79241,2027,6081
1048,6983,72279,1774,8870
1049,6926,24176,927,3708
1050,7811,84489,3197,15985
1051,7426,89687,4543,9086
1052,6600,26549,506,1012
1053,7195,89676,523,1569
1054,6748,23625,2821,8463
1055,8262,817,562,562
1056,6708,81382,2279,11395
1057,6218,74150,4495,8990
1058,7040,42508,2587,7761
1059,7787,20902,396,396
1060,8240,55274,2072,6216
1061,7671,22221,908,908
1062,6940,5988,1889,7556
1063,8370,11434,2061,10305
1064,8071,4809,3861,11583
1065,6636,27834,1767,8835
1066,7244,71285,4243,8486
1067,6615,40384,107,107
1068,6250,34090,654,654
1069,7501,19580,4392,8784
1070,8069,27395,664,3320
1071,5930,78764,438,876
1072,8000,35412,1629,8145
1073,5989,44424,3570,7140
1074,6897,89,4787,4787
1075,7981,15121,3451,17255
1076,6776,5854,3128,9384
1077,5842,68495,2342,9368
1078,6712,34043,1617,6468
1079,6730,5852,410,1640
1080,5861,74219,3973,7946
1081,7040,15711,2587,7761
1082,8366,35335,4250,8500
1083,6069,20710,4216,4216
1084,6446,23966,1473,5892
1085,7592,87050,4297,4297
1086,7894,34078,2532,10128
1087,8975,74407,4139,4139
1088,6875,22623,830,4150
1089,8572,37834,534,2136
1090,5629,16506,3536,10608
1091,6924,81651,3719,3719
1092,7287,12071,1010,3030
1093,7433,22125,4364,8728
1094,7960,56163,321,1284
1095,7438,386,1735,6940
1096,6062,65271,4725,14175
1097,5808,89003,4182,8364
1098,6725,47950,4797,23985
1099,8254,86029,3181,3181
1100,7608,44413,4892,9784
1101,6074,13932,4821,14463
1102,8185,23793,3086,9258
1103,7608,26952,4892,4892
1104,5851,48671,2280,4560
1105,6508,36106,4993,24965
1106,6677,18306,2182,8728
1107,6241,35447,2263,2263
1108,8536,71832,4846,24230
1109,7958,5159,2350,2350
1110,8474,22452,2925,2925
1111,7999,80242,1246,6230
1112,8432,16252,3058,6116
1113,7427,58757,1845,1845
1114,8313,34897,2036,10180
1115,6757,39199,1028,1028
1116,6072,68537,2142,4284
1117,8453,14043,140,560
1118,8639,71243,2460,4920
1119,6127,20449,4621,23105
1120,8129,69339,3468,10404
1121,8076,26321,3401,6802
1122,6327,68548,2104,10520
1123,7782,48829,1626,1626
1124,8329,5888,210,630
1125,8835,442,2504,5008
1126,6532,45152,3450,6900
1127,7772,60354,331,331
1128,7146,64535,2797,5594
1129,7865,26673,730,1460
1130,8402,78883,1143,2286
1131,8740,6069,2549,5098
1132,8108,47726,1038,3114
1133,7427,74197,1845,1845
1134,6301,62810,2446,2446
1135,8702,41308,1595,1595
1136,8346,81083,3402,10206
1137,6106,48107,1056,2112
1138,5872,83308,196,392
1139,7411,11801,2679,8037
1140,8024,11414,4506,9012
1141,6796,68386,3820,15280
1142,6317,89799,128,512
1143,7286,74600,3631,7262
1144,7060,87631,486,486
1145,8191,64024,4587,13761
1146,8342,68351,700,700
1147,6246,64347,4513,4513
1148,7826,88373,1188,1188
1149,5748,30129,1386,6930
1150,8373,40333,2984,11936
1151,7536,49447,496,2480
1152,6320,1949,2958,11832
1153,8820,1074,3202,3202
1154,6601,7053,4661,18644
1155,8015,12259,4029,4029
1156,7178,81815,1043,2086
1157,5693,7978,4982,19928
1158,6848,86551,3425,13700
1159,6235,21273,1134,3402
1160,6946,7281,1061,5305
1161,5998,84814,1745,8725
1162,8539,14293,2420,9680
1163,6074,31136,4821,24105
1164,5857,25853,1795,7180
1165,7599,30808,4836,4836
1166,8136,21389,1755,7020
1167,7162,68375,2514,7542
1168,7271,72233,2259,6777
1169,5678,67674,3706,11118
1170,7297,45707,2574,7722
1171,7584,59983,1453,2906
1172,6719,43781,4217,16868
1173,6525,75458,113,452
1174,5869,72472,3180,12720
1175,8742,6893,4554,13662
1176,8118,61262,4908,9816
1177,7055,48025,2780,8340
1178,5789,44648,1008,3024
1179,8079,39157,4079,12237
1180,5829,78470,4439,4439
1181,6321,9019,2629,2629
1182,6353,79097,2143,4286
1183,7356,87569,720,3600
1184,6518,21978,2159,10795
1185,6530,65450,3602,7204
1186,6668,32081,2037,10185
1187,7885,73950,2914,5828
1188,8528,45511,1022,3066
1189,7899,46500,919,919
1190,7781,51289,3439,10317
1191,6435,25065,99,297
1192,8104,76594,2176,6528
1193,5611,82495,1544,7720
1194,5877,16697,694,2082
1195,6857,58034,2237,6711
1196,8828,43703,3697,11091
1197,6744,65657,2550,12750
1198,6290,16232,1450,5800
1199,8866,63666,3355,10065
1200,6620,12659,981,1962
1201,7858,9870,3567,7134
1202,8221,30633,720,720
1203,7196,22381,4862,24310
1204,7343,20828,4338,13014
1205,7658,32606,4488,17952
1206,8414,858,3262,13048
1207,7719,46778,2451,4902
1208,7912,22963,4828,4828
1209,8506,63150,721,2163
1210,7067,17783,4929,14787
1211,6250,50686,654,2616
1212,8488,61532,2347,2347
1213,7107,59340,2133,8532
1214,7825,57987,1250,3750
1215,8860,3213,1741,8705
1216,5861,54635,3973,7946
1217,8988,2182,4842,14526
1218,7328,39691,4418,4418
1219,7904,87071,4987,9974
1220,8628,33968,1681,5043
1221,8639,15172,2460,4920
1222,5910,20671,4876,19504
1223,7414,13740,1866,5598
1224,5696,8795,4116,12348
1225,7113,73434,3454,10362
1226,8692,78605,3459,10377
1227,7471,64840,4620,4620
1228,7091,44325,4677,9354
1229,6197,10583,698,1396
1230,8442,27842,2867,14335
1231,8554,42286,1448,4344
1232,8381,49711,2768,2768
1233,6933,85774,3200,6400
1234,8977,87824,3781,18905
1235,5971,80369,1268,6340
1236,6664,85162,3745,18725
1237,8383,47390,3317,6634
1238,6385,24403,4439,22195
1239,6537,4470,601,1803
1240,8567,34362,1313,2626
1241,6710,7796,905,4525
1242,7648,78010,863,4315
1243,5633,56868,3415,10245
1244,8053,79736,353,706
1245,6189,64171,1118,5590
1246,6528,7688,4865,14595
1247,8497,37257,2524,2524
1248,5702,26587,1289,2578
1249,6601,1217,4661,23305
1250,8298,40108,2072,6216
1251,8760,25565,2356,7068
1252,7947,38506,146,730
1253,6968,74734,4793,19172
1254,7733,8748,2172,2172
1255,8170,68241,3474,17370
1256,6002,2791,66,66
1257,5631,87363,396,1584
1258,6338,38743,1952,5856
1259,8795,29921,4326,21630
1260,6708,24596,2279,4558
1261,6617,41943,301,903
1262,8264,56669,1183,4732
1263,5780,87437,1071,4284
1264,5930,38383,438,438
1265,8806,18839,350,1750
1266,8243,14932,3906,15624
1267,6944,65785,741,2223
1268,5688,72521,1619,6476
1269,7378,61540,4270,8540
1270,6963,13190,3423,6846
1271,5901,2000,1812,7248
1272,8189,16246,366,1464
1273,8485,28269,1293,6465
1274,6754,48292,2813,8439
1275,8487,38241,2260,9040
1276,7831,36192,3709,11127
1277,8571,42124,417,2085
1278,8782,22266,695,2780
1279,8071,6694,3861,19305
1280,5966,4559,1318,6590
1281,7540,71622,4446,8892
1282,8558,86330,1760,3520
1283,7280,76517,3527,7054
1284,7761,2563,4701,4701
1285,7132,19710,1784,3568
1286,8837,16876,2701,13505
1287,5825,8940,4740,23700
1288,7758,57821,3953,3953
1289,6282,21827,1668,3336
1290,8484,73205,4365,8730
1291,7892,58116,560,2800
1292,8565,26302,3327,13308
1293,6653,7989,304,912
1294,8115,86701,2202,6606
1295,7249,49451,2763,13815
1296,7641,52092,3189,3189
1297,8142,5783,3550,17750
1298,7514,7760,1510,1510
1299,6817,45103,123,246
1300,6765,11022,256,512
1301,8275,36410,441,441
1302,6304,12350,1186,5930
1303,8414,3462,3262,13048
1304,6517,17886,3160,6320
1305,7634,78879,2096,6288
1306,6009,60922,3391,16955
1307,5982,4065,2838,11352
1308,7139,8060,936,4680
1309,8305,59469,3066,3066
1310,8888,44178,4433,13299
1311,7683,475,4121,4121
1312,7344,8322,3945,11835
1313,8476,7289,4538,22690
1314,8523,78939,655,3275
1315,8311,74840,1666,1666
1316,8339,46765,886,4430
1317,8052,11051,1214,2428
1318,8626,81596,77,77
1319,6971,77511,81,405
1320,5734,55274,1750,3500
1321,6968,67872,4793,19172
1322,7467,52230,1729,1729
1323,6588,13700,2927,5854
1324,7782,28493,1626,1626
1325,7328,40656,4418,13254
1326,7916,2153,4636,18544
1327,7794,60280,339,1695
1328,6034,28596,2365,11825
1329,7608,70948,4892,24460
1330,8476,45511,4538,18152
1331,6646,60509,2428,2428
1332,6535,8327,895,4475
1333,8573,13491,2718,10872
1334,7868,6283,3457,6914
1335,6241,29156,2263,6789
1336,8986,3397,4418,13254
1337,6530,16281,3602,10806
1338,8540,1647,1494,1494
1339,8518,66624,595,1785
1340,8484,23964,4365,21825
1341,8459,79198,3228,16140
1342,8628,34789,1681,8405
1343,6587,86253,1112,5560
1344,6727,11016,3236,16180
1345,6434,44406,2825,11300
1346,8977,39977,3781,18905
1347,8410,69774,2669,2669
1348,7295,52204,3727,7454
1349,8874,14076,2169,6507
1350,6307,34071,1186,5930
1351,8805,69534,1230,4920
1352,7975,57106,176,528
1353,6969,86331,1047,4188
1354,5872,86853,196,392
1355,6083,22905,4833,24165
1356,6433,78291,3234,9702
1357,6070,26984,3523,7046
1358,6509,68476,3121,3121
1359,6375,29849,1836,9180
1360,7306,36652,86,172
1361,7628,42404,2372,2372
1362,8088,51991,3984,15936
1363,7728,62810,4754,4754
1364,7368,77385,4394,13182
1365,8165,11945,4149,20745
1366,6582,68555,1099,1099
1367,7441,8500,2970,5940
1368,7449,88375,3065,9195
1369,8553,75496,1008,4032
1370,7294,15532,2214,8856
1371,8258,87363,2842,2842
1372,6454,49801,1794,3588
1373,6126,20709,3672,7344
1374,5662,60873,4620,23100
1375,7351,24602,565,1695
1376,8249,63861,769,3845
1377,5680,89403,2641,7923
1378,6355,75028,2474,4948
1379,6971,18886,81,162
1380,8142,61565,3550,3550
1381,5841,89387,3728,11184
1382,6582,11705,1099,3297
1383,8225,7922,4702,4702
1384,8953,45523,4840,19360
1385,7173,88997,3630,10890
1386,6709,59654,702,3510
1387,7765,30990,100,100
1388,8693,17202,1521,7605
1389,8198,18987,758,1516
1390,8038,31043,4460,13380
1391,5966,87552,1318,1318
1392,8619,79987,161,322
1393,8349,68080,4912,24560
1394,8030,27140,2733,10932
1395,8489,1612,252,1260
1396,8847,31731,2417,7251
1397,7612,14906,239,717
1398,7545,35340,1803,5409
1399,7852,10271,70,70
1400,8071,86588,3861,3861
1401,8891,2384,3381,10143
1402,6958,76887,2906,14530
1403,7764,28890,3278,3278
1404,8541,53379,1527,6108
1405,6454,66915,1794,1794
1406,6387,3242,3408,10224
1407,8377,21562,2523,10092
1408,7656,45009,3120,12480
1409,7294,31741,2214,8856
1410,5643,58825,1619,1619
1411,7321,8976,4010,16040
1412,8048,38671,1797,7188
1413,7107,14470,2133,6399
1414,5662,28580,4620,4620
1415,8376,27256,4585,9170
1416,6708,67606,2279,2279
1417,5913,36322,4310,12930
1418,6142,56544,4415,8830
1419,8891,60190,3381,13524
1420,7321,53660,4010,16040
1421,8519,72346,3054,6108
1422,8486,77569,3589,7178
1423,5825,48778,4740,14220
1424,6759,64444,1350,1350
1425,7190,13521,2748,5496
1426,5980,61778,4793,9586
1427,5662,47494,4620,18480
1428,8395,14872,366,1464
1429,6800,4831,2616,10464
1430,6352,81398,738,2214
1431,8335,85750,977,4885
1432,7041,70332,534,2136
1433,5679,46072,1454,2908
1434,8213,62987,4656,18624
1435,7452,24483,1608,6432
1436,7030,9501,2933,11732
1437,6347,30719,149,298
1438,6070,65174,3523,7046
1439,8629,75978,621,621
1440,8189,76770,366,1830
1441,5874,28156,4587,13761
1442,7506,85127,3978,19890
1443,6302,29432,1717,8585
1444,7487,17034,165,330
1445,6290,25792,1450,4350
1446,8397,82935,412,2060
1447,8825,10547,1506,6024
1448,5940,53360,4598,13794
1449,8782,23651,695,695
1450,7850,27380,164,656
1451,7849,21139,2007,2007
1452,7518,40816,2570,12850
1453,5945,54991,2448,7344
1454,6348,36739,823,823
1455,8108,55875,1038,1038
1456,8295,50550,206,412
1457,8074,71841,3289,3289
1458,5809,39527,111,111
1459,7520,37868,4711,4711
1460,8298,65599,2072,8288
1461,5672,82984,1276,2552
1462,7232,44991,3079,3079
1463,8179,41504,3582,3582
1464,7168,79051,690,690
1465,7123,28491,4876,9752
1466,6031,86046,2403,4806
1467,6935,85930,4327,21635
1468,8449,7462,4885,4885
1469,6899,46567,1530,6120
1470,7162,61546,2514,12570
1471,7132,54526,1784,5352
1472,7385,26136,1818,1818
1473,7064,2578,965,2895
1474,6850,78019,716,3580
1475,5668,8498,4805,24025
1476,7064,79970,965,1930
1477,7799,33851,1774,1774
1478,6980,17826,2549,7647
1479,8399,2833,563,1126
1480,5888,71128,3797,3797
1481,7273,72756,2077,8308
1482,6355,85138,2474,2474
1483,5656,22536,1689,8445
1484,6356,38963,2224,2224
1485,6573,61032,1292,2584
1486,7951,51880,3892,11676
1487,8103,59636,158,474
1488,6472,40560,2470,4940
1489,8968,62670,1829,3658
1490,7056,404,3086,9258
1491,5986,33819,3826,11478
1492,6246,8698,4513,18052
1493,6049,27908,3919,7838
1494,5947,38982,2129,2129
1495,7409,80640,3125,6250
1496,7607,66718,1425,4275
1497,8733,34937,1300,1300
1498,6839,73439,3758,18790
1499,6938,35404,3308,13232
1500,8980,59770,2475,12375
1501,5642,45930,4567,22835
1502,8357,1483,2924,2924
1503,6053,25731,1219,4876
1504,6301,25726,2446,4892
1505,7994,54983,2176,8704
1506,8234,34987,169,507
1507,6538,69267,2256,6768
1508,6162,70119,3522,3522
1509,8466,19554,3965,3965
1510,8082,5296,1533,4599
1511,6346,76989,3045,15225
1512,8774,26528,1765,7060
1513,7500,55040,3285,3285
1514,6601,22958,4661,4661
1515,8532,56127,937,3748
1516,7983,70095,3339,16695
1517,5911,43830,4555,13665
1518,6850,45815,716,1432
1519,7047,72784,4434,22170
1520,8035,57779,4973,4973
1521,6754,64502,2813,2813
1522,8191,64169,4587,4587
1523,6932,21474,2176,10880
1524,8886,65358,1334,6670
1525,5756,21336,4270,4270
1526,5611,42880,1544,1544
1527,5650,44465,4884,24420
1528,8539,354,2420,4840
1529,7987,17865,1535,1535
1530,6754,63697,2813,2813
1531,8321,40214,2125,10625
1532,6210,52995,760,1520
1533,6485,278,2909,11636
1534,6594,33568,1411,4233
1535,8145,126,1143,4572
1536,8390,30013,4096,12288
1537,8512,71339,3430,17150
1538,5635,66833,149,298
1539,6787,22564,2005,6015
1540,8477,56701,1235,3705
1541,6758,33497,4019,20095
1542,5709,66329,157,628
1543,6814,64616,2797,11188
1544,5727,83245,2463,12315
1545,8536,2361,4846,9692
1546,7319,29062,4464,13392
1547,5652,79352,90,90
1548,8450,53768,1077,4308
1549,7840,73045,3143,9429
1550,8204,87331,4309,21545
1551,8964,19277,314,1256
1552,8941,6134,4224,12672
1553,7540,24677,4446,4446
1554,7434,43135,630,1260
1555,8039,53042,935,935
1556,7565,3731,2498,12490
1557,8203,20452,4007,16028
1558,6312,15438,3996,3996
1559,6169,9165,4232,4232
1560,7110,39907,4974,14922
1561,7901,74111,1196,3588
1562,6671,54740,2601,7803
1563,6537,88721,601,3005
1564,6060,14052,227,227
1565,7281,15730,2448,7344
1566,8311,38562,1666,1666
1567,8103,84141,158,316
1568,5910,11776,4876,4876
1569,8970,81131,2870,14350
1570,7833,77529,426,1704
1571,6897,6330,4787,4787
1572,7942,69964,2183,6549
1573,7609,30990,3920,15680
1574,7801,34935,594,2970
1575,7051,67915,580,2900
1576,8770,87752,4533,13599
1577,7575,6523,3761,7522
1578,5709,45988,157,157
1579,8981,3102,3089,15445
1580,7697,81478,4202,21010
1581,7753,88500,1153,4612
1582,5690,11903,2560,5120
1583,6719,25432,4217,4217
1584,8075,45517,618,1236
1585,7906,81278,1951,5853
1586,5652,4759,90,270
1587,6090,9600,1292,1292
1588,8940,52951,3715,14860
1589,6267,88828,2748,2748
1590,7380,50630,1461,5844
1591,6882,76886,2740,2740
1592,5960,4483,1126,2252
1593,5911,41952,4555,18220
1594,7680,9882,973,1946
1595,6917,1764,490,1470
1596,6978,23402,1782,1782
1597,6936,9787,3340,13360
1598,8502,28683,264,792
1599,5654,46387,3861,11583
1600,5607,19231,1164,1164
1601,7365,46684,2741,13705
1602,8136,30567,1755,8775
1603,6386,43415,3572,10716
1604,8941,58326,4224,8448
1605,6868,33540,4800,19200
1606,7740,70604,4415,22075
1607,5706,6148,317,1585
1608,8532,58827,937,1874
1609,7518,79647,2570,10280
1610,6040,56116,4221,21105
1611,8854,30594,1492,1492
1612,7186,10510,2691,8073
1613,6315,77783,4825,14475
1614,8156,53869,2011,8044
1615,8969,57147,4612,9224
1616,7009,11809,4850,9700
1617,6932,76483,2176,8704
1618,8967,24593,4385,21925
1619,8005,9600,3558,14232
1620,6123,18088,4075,20375
1621,6154,58622,1122,1122
1622,7204,59580,4523,13569
1623,8313,38455,2036,8144
1624,6782,21568,2391,7173
1625,6749,25232,1544,7720
1626,6841,7182,1816,3632
1627,6681,56627,836,2508
1628,8225,23997,4702,14106
1629,6451,61744,3339,13356
1630,7834,78076,1109,4436
1631,6276,45518,522,1566
1632,7971,76138,405,810
1633,5901,67505,1812,5436
1634,7954,11093,3590,17950
1635,5941,51498,3577,14308
1636,7591,75334,3770,3770
1637,8685,64164,512,512
1638,7381,50173,1243,3729
1639,8635,38477,122,610
1640,6168,73192,1638,8190
1641,7409,30126,3125,12500
1642,6866,32566,2869,2869
1643,8024,28746,4506,13518
1644,6703,31916,1007,4028
1645,5834,8722,1877,3754
1646,8313,80073,2036,8144
1647,7241,39348,993,2979
1648,8589,32672,631,2524
1649,7788,66731,4244,4244
1650,8861,41732,661,3305
1651,6638,16201,3802,19010
1652,6646,86126,2428,7284
1653,8489,41474,252,1008
1654,6440,27724,3674,3674
1655,7002,61178,1500,1500
1656,6462,6947,2616,13080
1657,6946,84691,1061,2122
1658,7881,83840,2414,7242
1659,6325,7680,4073,16292
1660,5880,84912,431,1293
1661,7164,41252,2018,10090
1662,7296,38550,3079,6158
1663,6276,58164,522,2610
1664,6785,36163,4764,14292
1665,7343,56929,4338,13014
1666,7917,38,2254,6762
1667,8429,29854,3156,6312
1668,6162,14003,3522,17610
1669,6282,33144,1668,1668
1670,7078,66848,1444,1444
1671,5664,72823,3546,7092
1672,7628,23814,2372,11860
1673,6374,28736,1860,3720
1674,7098,40638,3803,19015
1675,7385,60672,1818,1818
1676,6032,5295,2910,8730
1677,8518,40427,595,2380
1678,6535,53632,895,4475
1679,8749,67670,4418,8836
1680,6019,14572,1419,7095
1681,6882,20970,2740,5480
1682,8758,15189,3775,11325
1683,7660,65753,3254,16270
1684,6521,85198,2873,2873
1685,6551,19188,1078,3234
1686,8018,47327,4300,8600
1687,6484,75291,3975,7950
1688,5678,89484,3706,11118
1689,8024,87466,4506,9012
1690,5708,87243,1569,7845
1691,8714,13566,3174,9522
1692,7342,40210,2062,8248
1693,7131,2960,887,1774
1694,7791,42201,2138,10690
1695,5829,82711,4439,17756
1696,6315,18400,4825,19300
1697,8462,62121,2281,6843
1698,7769,76154,3048,12192
1699,6020,14122,3279,6558
1700,6813,64986,1519,1519
1701,7591,487,3770,7540
1702,5668,2165,4805,19220
1703,8796,25477,528,2112
1704,5670,64661,2853,11412
1705,8492,20898,4091,4091
1706,6773,17915,3516,14064
1707,8192,87092,2559,2559
1708,5613,14687,1119,2238
1709,6253,78356,1763,7052
1710,7872,43466,576,2880
1711,6602,77381,565,2260
1712,8073,2085,4440,13320
1713,6042,23449,4820,24100
1714,8094,47924,858,2574
1715,7701,28114,802,3208
1716,7903,6287,797,2391
1717,6299,61359,2864,2864
1718,8480,19076,720,3600
1719,7009,79429,4850,24250
1720,6302,60627,1717,8585
1721,6909,50736,3620,10860
1722,6990,45673,406,1624
1723,5831,45150,4728,9456
1724,7766,40182,3656,18280
1725,8918,46566,2420,4840
1726,5725,84912,1304,3912
1727,8817,18729,1233,1233
1728,6129,30213,2665,5330
1729,6098,6403,2273,11365
1730,7475,62889,3649,14596
1731,6214,86343,4748,9496
1732,6099,48141,2117,2117
1733,7978,41996,4189,4189
1734,6725,28444,4797,23985
1735,5662,60077,4620,18480
1736,8647,88478,3823,11469
1737,8081,45226,3783,11349
1738,6303,81099,2098,8392
1739,6573,43134,1292,6460
1740,7960,3593,321,321
1741,6753,48024,558,2790
1742,8317,85601,1130,5650
1743,8177,54556,3101,15505
1744,6738,17855,4884,19536
1745,8203,71529,4007,8014
1746,8324,9549,3654,18270
1747,6739,42165,230,230
1748,7934,66817,4391,8782
1749,8363,40303,4895,4895
1750,7188,85871,4337,17348
1751,7218,28430,3326,3326
1752,7879,83773,513,1026
1753,6612,6740,4690,14070
1754,7638,15235,3758,15032
1755,6666,45394,296,296
1756,6565,82008,2892,11568
1757,6099,70118,2117,8468
1758,6316,20907,4070,20350
1759,7035,76732,1223,3669
1760,6145,74286,280,560
1761,7449,23090,3065,6130
1762,8850,61330,1827,5481
1763,8820,46285,3202,9606
1764,7115,27553,169,169
1765,6377,12241,79,395
1766,8909,22084,3166,3166
1767,8347,9560,4404,22020
1768,6754,48671,2813,11252
1769,7917,35971,2254,4508
1770,8881,22750,2296,2296
1771,5763,40379,1823,7292
1772,7896,37856,3911,3911
1773,7319,39324,4464,4464
1774,6215,80192,3095,15475
1775,8265,84884,762,3048
1776,8487,86170,2260,6780
1777,5808,31541,4182,20910
1778,7474,87487,654,1962
1779,7709,80166,606,1818
1780,6220,85014,1015,2030
1781,6839,22085,3758,15032
1782,5764,14125,4884,19536
1783,5927,47767,897,1794
1784,6301,37001,2446,12230
1785,6681,971,836,3344
1786,8963,57717,2639,5278
1787,8685,78770,512,2048
1788,8151,67508,709,2127
1789,8111,16538,2622,7866
1790,8302,48844,1229,1229
1791,6493,12799,2985,2985
1792,7689,43629,2216,6648
1793,7826,35281,1188,1188
1794,7217,52101,715,715
1795,7180,77460,2879,5758
1796,8555,27293,224,672
1797,8459,68510,3228,9684
1798,7473,76,2700,8100
1799,6142,55538,4415,22075
1800,8873,27435,3442,17210
1801,8339,81168,886,886
1802,6608,8336,1928,1928
1803,7471,79176,4620,23100
1804,6762,27600,3223,3223
1805,5772,75714,4214,21070
1806,8817,50690,1233,6165
1807,6098,69384,2273,4546
1808,8982,20998,3426,10278
1809,6103,85814,1818,5454
1810,7957,45325,4109,16436
1811,7592,7517,4297,12891
1812,7766,6771,3656,7312
1813,6080,68131,3004,15020
1814,6167,15273,1210,2420
1815,6618,14027,4748,9496
1816,6215,67616,3095,15475
1817,7071,66389,1727,5181
1818,8885,30735,2901,2901
1819,7977,13706,4157,16628
1820,6194,22156,3580,14320
1821,7680,64331,973,1946
1822,8484,51028,4365,13095
1823,7661,82924,4446,8892
1824,6968,45909,4793,4793
1825,5954,25125,1751,8755
1826,7150,34419,3727,3727
1827,8170,14509,3474,6948
1828,7015,45870,3096,12384
1829,6668,30980,2037,2037
1830,6049,18301,3919,19595
1831,8960,67488,1603,3206
1832,7923,9812,369,1107
1833,8191,59199,4587,9174
1834,8499,9774,3386,13544
1835,5650,65623,4884,14652
1836,7533,54334,4172,16688
1837,6010,63480,4463,17852
1838,8854,52825,1492,4476
1839,8860,48960,1741,6964
1840,5951,25294,3299,16495
1841,8692,59559,3459,17295
1842,7241,20809,993,1986
1843,5714,55132,1845,3690
1844,6139,51616,1139,2278
1845,5809,38941,111,333
1846,7392,55987,3974,15896
1847,8417,12241,1882,7528
1848,8910,23657,3698,11094
1849,6521,43955,2873,8619
1850,7994,87117,2176,6528
1851,6390,58810,2830,2830
1852,6295,55547,282,1410
1853,6409,71152,4413,22065
1854,8580,13709,220,660
1855,5633,73202,3415,17075
1856,5706,68512,317,634
1857,8760,18075,2356,2356
1858,8603,75531,509,1527
1859,6013,56290,1456,2912
1860,7174,82448,1091,2182
1861,7974,59347,1131,4524
1862,7849,37628,2007,2007
1863,7981,16349,3451,13804
1864,7473,57072,2700,13500
1865,8294,64389,4058,8116
1866,6731,85324,4074,20370
1867,8487,51092,2260,2260
1868,7486,52843,1344,2688
1869,6329,89121,4682,4682
1870,8803,46669,310,1240
1871,8301,16069,1594,4782
1872,6833,16003,1482,1482
1873,6484,51614,3975,3975
1874,8940,35510,3715,7430
1875,8841,13700,4660,13980
1876,8885,9208,2901,5802
1877,8711,59393,3391,10173
1878,8407,59208,4725,9450
1879,8318,64929,4610,23050
1880,6218,7919,4495,8990
1881,7015,29297,3096,15480
1882,7491,67035,1434,2868
1883,6060,31084,227,454
1884,7449,84864,3065,15325
1885,7890,63852,4621,4621
1886,7571,70458,1024,3072
1887,8251,86442,3029,12116
1888,7223,6418,2483,7449
1889,8895,50732,1729,8645
1890,7192,8054,918,1836
1891,7500,33769,3285,6570
1892,7594,67793,827,827
1893,5861,17535,3973,19865
1894,5758,44801,294,588
1895,6302,45226,1717,5151
1896,8915,56240,972,1944
1897,7003,10223,3186,12744
1898,8135,66313,4438,4438
1899,6047,89967,3056,15280
1900,6969,40096,1047,1047
1901,7142,54474,147,735
1902,8962,70414,2618,2618
1903,7355,56037,1958,3916
1904,7277,66362,4321,21605
1905,6931,13357,4895,9790
1906,8894,21260,640,640
1907,5683,57710,2310,2310
1908,8198,16985,758,758
1909,6594,31387,1411,5644
1910,8146,3962,2768,11072
1911,7474,15021,654,3270
1912,5740,89750,1465,2930
1913,7384,87048,650,650
1914,8460,61087,598,1196
1915,7840,16339,3143,6286
1916,7287,47779,1010,2020
1917,8822,33409,4683,18732
1918,8193,34528,2242,2242
1919,7566,14090,1137,2274
1920,6975,4905,1201,2402
1921,7745,3162,797,3985
1922,7897,47034,3578,3578
1923,8099,3754,1831,5493
1924,6916,70735,888,888
1925,8987,79528,1188,5940
1926,8305,65337,3066,12264
1927,8342,87172,700,2100
1928,6050,57019,4182,20910
1929,8035,21305,4973,9946
1930,8862,88420,2956,8868
1931,7190,26746,2748,5496
1932,6600,57300,506,506
1933,6189,79152,1118,2236
1934,8386,23486,3081,6162
1935,8560,1020,4247,16988
1936,6222,18886,1617,6468
1937,7513,6962,1319,6595
1938,6436,51930,3413,17065
1939,5931,64875,4912,4912
1940,8336,57331,4572,18288
1941,5834,82416,1877,5631
1942,8932,56992,4842,14526
1943,6646,14944,2428,2428
1944,7558,62394,2262,4524
1945,7978,75129,4189,4189
1946,6412,23910,938,3752
1947,7635,82420,4829,24145
1948,8804,22526,3116,6232
1949,8302,60859,1229,2458
1950,8820,27805,3202,16010
1951,7946,35603,2746,5492
1952,8817,19803,1233,3699
1953,5780,71185,1071,3213
1954,7470,82799,4979,19916
1955,6535,71872,895,2685
1956,6197,32376,698,2792
1957,6583,81091,4728,4728
1958,8666,35965,1369,5476
1959,5642,7121,4567,13701
1960,7302,6227,1683,5049
1961,6329,32555,4682,9364
1962,5804,88645,387,774
1963,8284,21576,4455,22275
1964,6232,68173,3443,17215
1965,6187,6997,2864,11456
1966,5669,26570,1983,9915
1967,8076,4562,3401,6802
1968,6058,33803,57,114
1969,5985,62600,653,1306
1970,7170,41976,1114,2228
1971,7501,76166,4392,21960
1972,5681,31623,1062,3186
1973,7536,30960,496,496
1974,7983,85952,3339,10017
1975,8701,52948,3654,7308
1976,5958,44154,2683,10732
1977,6716,68618,3999,19995
1978,8731,45340,146,292
1979,6314,38946,3725,11175
1980,8299,81467,3078,6156
1981,7648,46476,863,863
1982,8953,88690,4840,4840
1983,5949,18707,2516,10064
1984,7962,27940,2130,8520
1985,7832,13471,3238,9714
1986,6087,32720,2008,2008
1987,8804,42809,3116,12464
1988,7745,28936,797,1594
1989,7260,56689,3291,9873
1990,6325,41311,4073,4073
1991,8817,3485,1233,3699
1992,6352,57987,738,3690
1993,7113,44406,3454,3454
1994,6805,37108,566,1132
1995,7270,38622,3389,6778
1996,6235,42490,1134,3402
1997,6857,14679,2237,2237
1998,7701,89368,802,3208
1999,6916,12096,888,2664
2000,8646,2533,579,2895
2001,7892,43212,560,1120
2002,7019,43364,2988,8964
2003,8052,32558,1214,1214
2004,7401,72327,3701,14804
2005,6784,18846,4430,17720
2006,8840,3746,4114,4114
2007,8683,69854,4416,22080
2008,6857,7475,2237,11185
2009,6636,55736,1767,3534
2010,7740,16069,4415,8830
2011,7109,59932,1086,2172
2012,7312,23511,2778,11112
2013,7826,87074,1188,2376
2014,6245,70536,527,1581
2015,6980,54019,2549,2549
2016,7518,37448,2570,2570
2017,6974,10906,2341,11705
2018,8158,52983,2310,2310
2019,6485,38320,2909,2909
2020,7518,21154,2570,12850
2021,7514,64981,1510,3020
2022,6503,19861,4635,13905
2023,6429,76822,1711,6844
2024,8130,33655,1095,4380
2025,6871,64820,1119,5595
2026,6926,20727,927,927
2027,8660,52917,90,90
2028,7031,28612,1513,1513
2029,7685,82086,280,1400
2030,7345,7192,143,286
2031,7132,73390,1784,3568
2032,7348,58921,3009,3009
2033,8668,50098,176,176
2034,5927,24065,897,897
2035,8822,89511,4683,23415
2036,5845,24859,3593,14372
2037,7641,68052,3189,15945
2038,6879,20882,562,1686
2039,6635,58573,1173,4692
2040,8533,17505,1611,6444
2041,6259,57262,4028,16112
2042,7339,71132,4710,14130
2043,6309,16593,3195,9585
2044,7515,73347,612,1224
2045,6724,40916,4622,4622
2046,5966,88373,1318,3954
2047,6055,72057,3955,11865
2048,6131,26399,2011,4022
2049,8239,64719,4986,19944
2050,7883,35365,879,4395
2051,7342,55050,2062,10310
2052,7983,52938,3339,6678
2053,6499,74608,1503,1503
2054,7716,58212,3978,7956
2055,8139,60954,1250,1250
2056,8312,19489,973,973
2057,5959,6072,1251,3753
2058,7024,22452,4383,8766
2059,6326,54649,1769,3538
2060,6499,51992,1503,3006
2061,6637,48892,3973,7946
2062,8627,61971,1536,7680
2063,7465,14048,2398,11990
2064,8210,86082,1454,1454
2065,6189,6961,1118,3354
2066,5736,40084,3481,6962
2067,5930,17668,438,438
2068,8316,50475,1363,5452
2069,7459,69374,2499,4998
2070,8903,83329,2430,7290
2071,7249,12652,2763,8289
2072,7597,27787,4263,12789
2073,7685,75574,280,560
2074,8712,78375,3036,6072
2075,7952,40535,1765,5295
2076,6032,55060,2910,11640
2077,6924,55502,3719,11157
2078,6776,4808,3128,9384
2079,7212,67852,2316,6948
2080,7432,76025,2649,7947
2081,5763,42816,1823,1823
2082,7278,35779,4740,18960
2083,8127,57957,3924,11772
2084,7117,75549,3432,10296
2085,8697,40890,4457,22285
2086,6143,72372,2633,5266
2087,7539,84832,3459,3459
2088,7831,83697,3709,3709
2089,6541,27593,4250,8500
2090,7460,7688,1455,1455
2091,8714,37356,3174,12696
2092,6060,40272,227,1135
2093,8166,84934,4644,23220
2094,5636,33733,212,636
2095,7781,82453,3439,13756
2096,5643,56840,1619,1619
2097,5698,79739,900,2700
2098,7733,2487,2172,8688
2099,6421,31174,2645,2645
2100,6242,10584,1561,6244
2101,7113,23629,3454,13816
2102,8106,87551,769,2307
2103,6131,62945,2011,2011
2104,6866,44837,2869,2869
2105,6530,26428,3602,14408
2106,8131,80827,1511,7555
2107,5872,64690,196,784
2108,7475,54429,3649,7298
2109,7381,11877,1243,1243
2110,5652,87986,90,450
2111,7493,12525,432,864
2112,6724,41187,4622,18488
2113,7411,67706,2679,2679
2114,8323,88362,755,1510
2115,6213,4774,4752,9504
2116,7068,7601,4323,4323
2117,6546,18703,4330,21650
2118,6245,60215,527,527
2119,8699,9427,2016,6048
2120,8066,72232,3537,7074
2121,7419,25669,4383,4383
2122,5707,32346,3776,18880
2123,7976,40498,3490,10470
2124,6450,49801,2741,13705
2125,7320,2387,2892,5784
2126,7558,24979,2262,9048
2127,6963,8933,3423,6846
2128,7983,46027,3339,10017
2129,8608,9302,2097,10485
2130,7975,29079,176,880
2131,6591,37528,709,1418
2132,8050,3968,91,182
2133,7764,6189,3278,16390
2134,8055,22452,528,1056
2135,7592,60233,4297,4297
2136,7681,4365,704,2112
2137,7988,69321,637,1274
2138,8189,86355,366,366
2139,8294,57310,4058,12174
2140,5916,9993,3661,10983
2141,7648,71817,863,1726
2142,7863,69412,3444,13776
2143,8411,20129,2828,14140
2144,6583,80731,4728,14184
2145,6033,52176,4726,4726
2146,5675,17205,3847,15388
2147,6929,25653,727,2908
2148,7462,49759,4065,12195
2149,7271,29373,2259,6777
2150,7439,40091,2279,11395
2151,8608,11386,2097,10485
2152,5734,10952,1750,3500
2153,6645,50104,3991,15964
2154,6320,23969,2958,11832
2155,8489,43702,252,1260
2156,6033,75751,4726,18904
2157,7874,87335,3290,13160
2158,7432,74635,2649,13245
2159,8707,58518,1708,5124
2160,7355,56872,1958,9790
2161,6360,61987,951,2853
2162,8773,74839,2289,6867
2163,5997,68652,3618,18090
2164,7132,63102,1784,1784
2165,6741,58863,445,445
2166,8986,85531,4418,22090
2167,7833,6694,426,1704
2168,7675,13708,3649,3649
2169,5921,60071,2576,12880
2170,8500,11135,3600,7200
2171,6080,12823,3004,3004
2172,8192,4713,2559,7677
2173,8370,69831,2061,10305
2174,7584,64187,1453,1453
2175,8529,25733,3745,3745
2176,7667,72787,532,2128
2177,5866,25972,1848,3696
2178,6281,31009,2198,2198
2179,7227,60135,2005,10025
2180,8328,26246,1289,5156
2181,6511,24501,3019,9057
2182,6023,24658,1040,5200
2183,8394,73199,532,1064
2184,5681,34433,1062,2124
2185,8942,31750,2070,10350
2186,6512,66218,2443,9772
2187,6892,35153,2095,8380
2188,5805,19824,1638,4914
2189,6617,89157,301,903
2190,8543,6237,1135,1135
2191,7836,86811,4633,9266
2192,8847,81398,2417,2417
2193,8459,27166,3228,3228
2194,7063,44229,1340,1340
2195,7255,44443,334,1336
2196,8878,47064,1903,5709
2197,8277,60415,4908,19632
2198,5849,15345,314,1256
2199,7910,75334,908,2724
2200,6165,54841,1729,3458
2201,6222,58086,1617,4851
2202,8697,89554,4457,4457
2203,6570,5435,446,1784
2204,7066,3204,881,2643
2205,8841,3578,4660,4660
2206,6920,47489,3856,11568
2207,8541,5956,1527,1527
2208,6326,49881,1769,1769
2209,7176,12230,3494,3494
2210,6289,85589,500,1000
2211,5912,88851,4662,4662
2212,7543,3390,2012,6036
2213,7256,46038,3566,14264
2214,8962,53045,2618,7854
2215,8271,55803,1048,1048
2216,7320,34362,2892,2892
2217,6215,3120,3095,15475
2218,7331,83757,1073,3219
2219,6231,83941,680,680
2220,8352,85011,3976,7952
2221,7552,5184,1555,4665
2222,6528,63556,4865,4865
2223,6728,48200,1956,5868
2224,6275,69923,1320,1320
2225,6989,60231,1393,2786
2226,8894,62400,640,1920
2227,7453,29534,3327,13308
2228,7501,52764,4392,8784
2229,8679,7156,3136,12544
2230,8357,50796,2924,11696
2231,6432,80871,2517,10068
2232,8324,24792,3654,18270
2233,6952,85882,1092,1092
2234,6587,85475,1112,1112
2235,7071,2529,1727,3454
2236,8981,54345,3089,6178
2237,6778,44005,3441,3441
2238,7745,38957,797,1594
2239,7261,32762,1168,2336
2240,8177,33263,3101,15505
2241,8692,65392,3459,13836
2242,7820,57475,2287,6861
2243,6103,58455,1818,5454
2244,8566,30676,4475,17900
2245,7042,56467,574,574
2246,6415,47806,1824,7296
2247,8411,32526,2828,11312
2248,6033,85901,4726,14178
2249,6514,22160,4743,18972
2250,6929,39051,727,2908
2251,8490,8315,4687,4687
2252,6776,50543,3128,12512
2253,5902,79848,1824,3648
2254,5639,68862,2579,10316
2255,6126,70886,3672,3672
2256,5744,13210,4349,13047
2257,8636,82316,570,1140
2258,8162,68011,3014,12056
2259,7867,44140,4317,21585
2260,6600,15682,506,1518
2261,8438,4610,2079,2079
2262,8316,17932,1363,1363
2263,7853,26105,2015,6045
2264,5654,47159,3861,15444
2265,7074,70672,2876,2876
2266,8246,5287,2397,11985
2267,7536,17616,496,1984
2268,6850,65948,716,2148
2269,6518,60386,2159,6477
2270,6903,85258,1002,3006
2271,7066,76737,881,881
2272,8964,61543,314,628
2273,7176,38952,3494,10482
2274,5995,71676,3271,6542
2275,6189,24627,1118,2236
2276,7001,89750,1912,7648
2277,5787,65216,3832,7664
2278,6013,20491,1456,7280
2279,6339,26204,1888,9440
2280,6542,18717,4803,14409
2281,6362,24772,3625,14500
2282,8136,48020,1755,3510
2283,8716,72079,2377,4754
2284,6509,86314,3121,9363
2285,8556,59101,1665,1665
2286,7722,85638,150,750
2287,8784,2881,2613,5226
2288,7125,46608,1640,1640
2289,6275,10021,1320,3960
2290,7756,46361,4307,12921
2291,8772,63022,3537,17685
2292,8284,76259,4455,13365
2293,6586,69747,3791,11373
2294,7357,67491,3198,12792
2295,5857,69037,1795,8975
2296,6411,78183,2020,6060
2297,8974,25962,4640,9280
2298,8369,2527,4173,16692
2299,7077,49020,2314,9256
2300,5963,73892,1205,3615
2301,7414,16413,1866,9330
2302,6464,21827,4954,19816
2303,8146,2723,2768,2768
2304,5735,49098,1843,5529
2305,6610,7765,1539,6156
2306,6835,3172,1513,4539
2307,6719,38334,4217,21085
2308,7427,35744,1845,7380
2309,5806,9401,3404,6808
2310,5769,31735,1380,1380
2311,6310,2619,167,668
2312,6337,77074,3709,7418
2313,7422,76329,2876,11504
2314,6778,16239,3441,3441
2315,8586,16721,3554,17770
2316,8844,41611,3496,17480
2317,7088,78480,4432,13296
2318,5995,14722,3271,6542
2319,8079,67496,4079,16316
2320,6575,1137,2483,12415
2321,7852,6984,70,350
2322,7350,73292,2309,6927
2323,7293,39935,1826,3652
2324,6535,63506,895,4475
2325,7626,1356,1204,2408
2326,8888,26036,4433,22165
2327,7625,21937,4466,22330
2328,8947,12594,2257,9028
2329,8885,11474,2901,8703
2330,8385,11959,1735,1735
2331,7680,25516,973,1946
2332,7024,68364,4383,8766
2333,8301,58731,1594,6376
2334,6587,43673,1112,3336
2335,6914,76787,3569,3569
2336,6591,20742,709,709
2337,7172,333,2824,2824
2338,5998,26410,1745,1745
2339,7655,59903,1665,8325
2340,7490,24794,2409,4818
2341,5770,28277,80,240
2342,7509,85361,2122,4244
2343,6038,23399,1436,5744
2344,8631,3109,1717,5151
2345,8566,86023,4475,17900
2346,6998,41322,764,764
2347,7206,50352,2872,8616
2348,8692,32228,3459,13836
2349,7172,41840,2824,8472
2350,8851,48955,111,555
2351,8037,11577,1765,3530
2352,6897,70385,4787,19148
2353,5600,12625,3210,16050
2354,7031,71555,1513,3026
2355,8858,30179,4908,9816
2356,7504,4853,3865,11595
2357,7714,19524,1667,5001
2358,7214,13962,447,1788
2359,6166,73032,3917,15668
2360,5660,60379,1755,3510
2361,8620,89949,2982,14910
2362,8992,77255,474,474
2363,6200,17771,3041,6082
2364,7951,71422,3892,15568
2365,8910,60264,3698,18490
2366,7528,68619,2523,7569
2367,8067,47397,1814,3628
2368,8798,82992,1864,5592
2369,6874,5987,2817,2817
2370,8064,12385,58,232
2371,6323,39464,3461,3461
2372,6530,48919,3602,18010
2373,6595,32274,3443,6886
2374,6538,9475,2256,2256
2375,7658,47764,4488,17952
2376,7850,54481,164,164
2377,6078,54214,2684,2684
2378,8338,14293,3386,10158
2379,6597,65569,3639,7278
2380,7513,55125,1319,6595
2381,5624,72970,1621,6484
2382,5839,22973,3470,13880
2383,8975,54435,4139,20695
2384,7756,23408,4307,8614
2385,8667,80291,1469,2938
2386,8918,58690,2420,4840
2387,7976,87469,3490,10470
2388,8264,44666,1183,3549
2389,7261,84423,1168,3504
2390,5602,6743,215,860
2391,6504,61398,4418,22090
2392,8318,10146,4610,18440
2393,8104,89742,2176,2176
2394,6279,39837,2128,10640
2395,6970,77869,4329,4329
2396,8284,25354,4455,4455
2397,5864,55780,4337,17348
2398,6518,69869,2159,2159
2399,8064,55486,58,232
2400,6362,74458,3625,14500
2401,8266,63418,657,1971
2402,6087,45091,2008,8032
2403,5602,56685,215,215
2404,7641,51109,3189,6378
2405,7342,21407,2062,2062
2406,8239,80480,4986,24930
2407,8484,68870,4365,17460
2408,6189,30731,1118,3354
2409,8224,28904,75,300
2410,8352,35149,3976,3976
2411,8392,29450,4341,8682
2412,7217,78770,715,715
2413,8285,3482,4213,16852
2414,6713,17268,3335,13340
2415,7776,77296,4420,22100
2416,7152,40525,2641,13205
2417,7629,66628,4214,21070
2418,8025,64915,4688,9376
2419,7896,31416,3911,19555
2420,6301,26575,2446,9784
2421,7796,34452,3527,17635
2422,7633,54013,3635,18175
2423,7833,70944,426,852
2424,6204,32968,4152,20760
2425,6619,26157,3682,7364
2426,8382,53262,3712,7424
2427,8188,15569,3539,14156
2428,7829,21287,3757,3757
2429,5941,17888,3577,3577
2430,7888,37349,2561,10244
2431,8094,12341,858,3432
2432,7572,71896,3681,7362
2433,8587,83425,145,725
2434,7628,50174,2372,11860
2435,5799,1708,3939,15756
2436,6367,17141,3030,9090
2437,7606,81585,2228,6684
2438,8501,89352,1814,3628
2439,6728,74950,1956,7824
2440,7186,43311,2691,2691
2441,6748,77689,2821,14105
2442,7332,7560,3331,13324
2443,6486,34782,434,1302
2444,6147,89509,1026,5130
2445,8901,20547,3308,6616
2446,7159,74809,4352,21760
2447,6956,39363,994,3976
2448,6984,86682,3325,3325
2449,8600,64804,4009,4009
2450,6525,48691,113,565
2451,8708,78695,3089,3089
2452,6253,9323,1763,1763
2453,8540,2648,1494,4482
2454,7146,17951,2797,11188
2455,6160,7091,93,93
2456,6652,17175,58,58
2457,7987,7988,1535,7675
2458,7928,87569,3451,13804
2459,5864,25244,4337,4337
2460,7960,394,321,1284
2461,6725,6231,4797,23985
2462,8492,61657,4091,16364
2463,5600,47305,3210,9630
2464,7759,8496,1907,9535
2465,6983,71771,1774,8870
2466,8712,73078,3036,6072
2467,6743,46974,3841,3841
2468,8826,19053,2690,8070
2469,5600,78377,3210,6420
2470,8233,46024,1789,8945
2471,7119,88720,2613,5226
2472,7815,6008,1846,9230
2473,6071,80196,2002,8008
2474,5910,8458,4876,9752
2475,7892,89114,560,2240
2476,8359,87647,1590,4770
2477,6369,59946,810,810
2478,7294,44177,2214,11070
2479,8177,18677,3101,15505
2480,6610,24737,1539,4617
2481,6357,3961,2732,10928
2482,5971,37276,1268,6340
2483,6707,16343,4743,4743
2484,7028,39395,2619,5238
2485,5975,5532,1228,1228
2486,7820,28924,2287,4574
2487,8410,60026,2669,2669
2488,7110,14842,4974,4974
2489,8769,58969,3913,19565
2490,7378,17272,4270,8540
2491,7033,52619,540,1620
2492,6854,50501,1863,5589
2493,5872,83394,196,588
2494,5787,20311,3832,11496
2495,8012,85816,4606,4606
2496,5787,56133,3832,19160
2497,6181,37876,986,2958
2498,8668,24025,176,528
2499,7338,78822,57,228
2500,6814,50471,2797,11188
2501,7761,79923,4701,4701
2502,8352,53363,3976,3976
2503,8431,26437,294,294
2504,7403,10986,4216,8432
2505,7584,42647,1453,5812
2506,8532,54034,937,2811
2507,5804,27311,387,387
2508,8087,3490,2732,10928
2509,8590,41231,1179,3537
2510,6602,16789,565,2260
2511,7380,16990,1461,5844
2512,6666,89011,296,296
2513,7088,12026,4432,22160
2514,6013,8845,1456,1456
2515,6914,45648,3569,7138
2516,7501,45257,4392,17568
2517,6097,27879,449,449
2518,8624,7192,3573,7146
2519,6882,27440,2740,8220
2520,8347,9055,4404,17616
2521,7132,18273,1784,8920
2522,8895,63524,1729,1729
2523,6231,48690,680,2040
2524,7878,22156,3273,6546
2525,8694,12008,1304,6520
2526,8370,14400,2061,10305
2527,5963,26502,1205,1205
2528,6833,45707,1482,1482
2529,8881,56329,2296,4592
2530,6413,54053,2812,2812
2531,5960,88196,1126,3378
2532,7215,58112,2535,2535
2533,6147,31121,1026,3078
2534,5731,62933,2178,4356
2535,8324,956,3654,7308
2536,8094,35933,858,4290
2537,7480,65600,1952,1952
2538,6080,63852,3004,3004
2539,7524,8051,3627,7254
2540,6003,51334,1641,6564
2541,8300,30197,4712,23560
2542,8818,13895,548,2192
2543,5909,38819,1235,4940
2544,6303,4938,2098,2098
2545,8921,55265,473,2365
2546,8655,32950,3957,19785
2547,8399,69823,563,2815
2548,6663,66222,3833,3833
2549,6008,11776,648,1944
2550,8716,47155,2377,4754
2551,6450,6724,2741,8223
2552,6774,39051,4844,19376
2553,6912,84199,1449,1449
2554,8280,71453,490,1960
2555,7669,76645,2067,2067
2556,8092,89844,1942,1942
2557,6956,56469,994,2982
2558,7437,17414,2483,12415
2559,7616,37989,1770,8850
2560,8374,3769,3037,15185
2561,7537,20102,1811,7244
2562,7598,37842,109,218
2563,8192,85138,2559,2559
2564,6199,43826,2746,8238
2565,6630,60024,1621,4863
2566,6453,37171,1318,1318
2567,6938,39531,3308,6616
2568,7439,51280,2279,9116
2569,8628,35788,1681,1681
2570,7244,19357,4243,8486
2571,8976,74025,3289,9867
2572,6909,43000,3620,10860
2573,7680,17550,973,4865
2574,6485,22178,2909,8727
2575,6157,89617,218,872
2576,8299,57818,3078,9234
2577,6365,38264,1954,1954
2578,6601,79388,4661,9322
2579,8603,60307,509,509
2580,7362,10341,1101,3303
2581,8477,83303,1235,2470
2582,8959,55581,2188,2188
2583,6866,26635,2869,5738
2584,5927,3231,897,897
2585,7553,64293,3646,7292
2586,5794,87141,314,1256
2587,6521,6513,2873,14365
2588,7173,46368,3630,14520
2589,6220,29231,1015,4060
2590,5956,5924,2731,13655
2591,6023,44868,1040,5200
2592,8107,44279,4168,12504
2593,7840,6532,3143,6286
2594,6334,28924,3008,9024
2595,8712,23664,3036,15180
2596,7218,47301,3326,16630
2597,7840,73839,3143,15715
2598,6442,46967,4387,4387
2599,7505,26114,2989,14945
2600,8681,65392,2170,6510
2601,6194,20381,3580,3580
2602,5966,39624,1318,6590
2603,8708,2360,3089,3089
2604,6991,41176,1119,3357
2605,8711,63757,3391,6782
